,trial_index,arm_name,trial_status,generation_method,Objective,B,Sc,Cr,Y,Zr,Gd,Hf,Ta,W,Re,Function,Num_Experiments,Monte_Carlo_Run,Number of data used,Target_CumBest
2,2,2_0,COMPLETED,Manual,106.22927448999997,0.6774193548387097,0.0,0.0,0.0,0.0,0.0,0.0,0.0,0.3225806451612903,0.0,targetFunction,1,0,0,106.22927448999997
3,3,3_0,COMPLETED,Manual,135.00685581032218,0.9206349206349206,0.0,0.0,0.0,0.0,0.0,0.0,0.0,0.0793650793650793,0.0,targetFunction,2,0,0,135.00685581032218
4,4,4_0,COMPLETED,Manual,139.34604170468722,0.9230769230769232,0.0769230769230769,0.0,0.0,0.0,0.0,0.0,0.0,0.0,0.0,targetFunction,3,0,0,139.34604170468722
5,5,5_0,COMPLETED,Manual,147.49402922192442,0.9523809523809524,0.0,0.0,0.0119047619047619,0.0,0.0,0.0357142857142857,0.0,0.0,0.0,targetFunction,4,0,0,147.49402922192442
6,6,6_0,COMPLETED,Manual,157.3709982220219,0.8,0.0,0.0,0.0,0.0,0.0,0.1,0.0,0.1,0.0,targetFunction,5,0,0,157.3709982220219
7,7,7_0,COMPLETED,Manual,141.23533652070077,0.6666666666666666,0.0,0.0,0.0,0.0,0.0,0.0,0.0,0.0,0.3333333333333333,targetFunction,6,0,0,157.3709982220219
8,8,8_0,COMPLETED,Manual,119.10061804970184,0.6666666666666666,0.1583333333333333,0.1666666666666666,0.0083333333333333,0.0,0.0,0.0,0.0,0.0,0.0,targetFunction,7,0,0,157.3709982220219
9,9,6_0,COMPLETED,Manual,157.3709982220219,0.8,0.0,0.0,0.0,0.0,0.0,0.1,0.0,0.1,0.0,targetFunction,8,0,0,157.3709982220219
10,10,6_0,COMPLETED,Manual,157.3709982220219,0.8,0.0,0.0,0.0,0.0,0.0,0.1,0.0,0.1,0.0,targetFunction,9,0,0,157.3709982220219
11,11,6_0,COMPLETED,Manual,157.3709982220219,0.8,0.0,0.0,0.0,0.0,0.0,0.1,0.0,0.1,0.0,targetFunction,10,0,0,157.3709982220219
12,12,12_0,COMPLETED,Manual,117.25187832749276,0.6774193548387097,0.0,0.0,0.0,0.0,0.0,0.0,0.1612903225806451,0.1612903225806451,0.0,targetFunction,11,0,0,157.3709982220219
13,13,6_0,COMPLETED,Manual,157.3709982220219,0.8,0.0,0.0,0.0,0.0,0.0,0.1,0.0,0.1,0.0,targetFunction,12,0,0,157.3709982220219
14,14,6_0,COMPLETED,Manual,157.3709982220219,0.8,0.0,0.0,0.0,0.0,0.0,0.1,0.0,0.1,0.0,targetFunction,13,0,0,157.3709982220219
15,15,6_0,COMPLETED,Manual,157.3709982220219,0.8,0.0,0.0,0.0,0.0,0.0,0.1,0.0,0.1,0.0,targetFunction,14,0,0,157.3709982220219
16,16,6_0,COMPLETED,Manual,157.3709982220219,0.8,0.0,0.0,0.0,0.0,0.0,0.1,0.0,0.1,0.0,targetFunction,15,0,0,157.3709982220219
17,17,6_0,COMPLETED,Manual,157.3709982220219,0.8,0.0,0.0,0.0,0.0,0.0,0.1,0.0,0.1,0.0,targetFunction,16,0,0,157.3709982220219
18,18,6_0,COMPLETED,Manual,157.3709982220219,0.8,0.0,0.0,0.0,0.0,0.0,0.1,0.0,0.1,0.0,targetFunction,17,0,0,157.3709982220219
19,19,6_0,COMPLETED,Manual,157.3709982220219,0.8,0.0,0.0,0.0,0.0,0.0,0.1,0.0,0.1,0.0,targetFunction,18,0,0,157.3709982220219
20,20,6_0,COMPLETED,Manual,157.3709982220219,0.8,0.0,0.0,0.0,0.0,0.0,0.1,0.0,0.1,0.0,targetFunction,19,0,0,157.3709982220219
21,21,6_0,COMPLETED,Manual,157.3709982220219,0.8,0.0,0.0,0.0,0.0,0.0,0.1,0.0,0.1,0.0,targetFunction,20,0,0,157.3709982220219
2,2,2_0,COMPLETED,Manual,143.1990010858288,0.9523809523809524,0.0,0.0,0.0,0.0476190476190476,0.0,0.0,0.0,0.0,0.0,targetFunction,1,1,0,143.1990010858288
3,3,3_0,COMPLETED,Manual,147.49402922192442,0.9523809523809524,0.0,0.0,0.0119047619047619,0.0,0.0,0.0357142857142857,0.0,0.0,0.0,targetFunction,2,1,0,147.49402922192442
4,4,4_0,COMPLETED,Manual,121.70683253959652,0.9523809523809524,0.0,0.0,0.0119047619047619,0.0,0.0238095238095238,0.0119047619047619,0.0,0.0,0.0,targetFunction,3,1,0,147.49402922192442
5,5,5_0,COMPLETED,Manual,135.00685581032218,0.9206349206349206,0.0,0.0,0.0,0.0,0.0,0.0,0.0,0.0793650793650793,0.0,targetFunction,4,1,0,147.49402922192442
6,6,6_0,COMPLETED,Manual,139.34604170468722,0.9230769230769232,0.0769230769230769,0.0,0.0,0.0,0.0,0.0,0.0,0.0,0.0,targetFunction,5,1,0,147.49402922192442
7,7,7_0,COMPLETED,Manual,139.77718748970685,0.9523809523809524,0.0,0.0,0.0476190476190476,0.0,0.0,0.0,0.0,0.0,0.0,targetFunction,6,1,0,147.49402922192442
8,8,8_0,COMPLETED,Manual,157.3709982220219,0.8,0.0,0.0,0.0,0.0,0.0,0.1,0.0,0.1,0.0,targetFunction,7,1,0,157.3709982220219
9,9,9_0,COMPLETED,Manual,141.23533652070077,0.6666666666666666,0.0,0.0,0.0,0.0,0.0,0.0,0.0,0.0,0.3333333333333333,targetFunction,8,1,0,157.3709982220219
10,10,10_0,COMPLETED,Manual,119.10061804970184,0.6666666666666666,0.1583333333333333,0.1666666666666666,0.0083333333333333,0.0,0.0,0.0,0.0,0.0,0.0,targetFunction,9,1,0,157.3709982220219
11,11,11_0,COMPLETED,Manual,117.25187832749276,0.6774193548387097,0.0,0.0,0.0,0.0,0.0,0.0,0.1612903225806451,0.1612903225806451,0.0,targetFunction,10,1,0,157.3709982220219
12,12,12_0,COMPLETED,Manual,158.1333799161532,0.8,0.0,0.0,0.0,0.1,0.0,0.0,0.0,0.1,0.0,targetFunction,11,1,0,158.1333799161532
13,13,13_0,COMPLETED,Manual,123.93811332092741,0.6666666666666666,0.1666666666666666,0.0,0.0555555555555555,0.0,0.0,0.0,0.0,0.0,0.1111111111111111,targetFunction,12,1,0,158.1333799161532
14,14,14_0,COMPLETED,Manual,127.64440554317409,0.6666666666666666,0.0833333333333333,0.1666666666666666,0.0833333333333333,0.0,0.0,0.0,0.0,0.0,0.0,targetFunction,13,1,0,158.1333799161532
15,15,15_0,COMPLETED,Manual,152.22068911320298,0.8,0.0,0.0,0.0,0.0,0.0,0.06,0.0,0.1399999999999999,0.0,targetFunction,14,1,0,158.1333799161532
16,16,12_0,COMPLETED,Manual,158.1333799161532,0.8,0.0,0.0,0.0,0.1,0.0,0.0,0.0,0.1,0.0,targetFunction,15,1,0,158.1333799161532
17,17,12_0,COMPLETED,Manual,158.1333799161532,0.8,0.0,0.0,0.0,0.1,0.0,0.0,0.0,0.1,0.0,targetFunction,16,1,0,158.1333799161532
18,18,12_0,COMPLETED,Manual,158.1333799161532,0.8,0.0,0.0,0.0,0.1,0.0,0.0,0.0,0.1,0.0,targetFunction,17,1,0,158.1333799161532
19,19,12_0,COMPLETED,Manual,158.1333799161532,0.8,0.0,0.0,0.0,0.1,0.0,0.0,0.0,0.1,0.0,targetFunction,18,1,0,158.1333799161532
20,20,12_0,COMPLETED,Manual,158.1333799161532,0.8,0.0,0.0,0.0,0.1,0.0,0.0,0.0,0.1,0.0,targetFunction,19,1,0,158.1333799161532
21,21,12_0,COMPLETED,Manual,158.1333799161532,0.8,0.0,0.0,0.0,0.1,0.0,0.0,0.0,0.1,0.0,targetFunction,20,1,0,158.1333799161532
2,2,2_0,COMPLETED,Manual,120.14447039437856,0.6774193548387097,0.0,0.0,0.0,0.0,0.0,0.0,0.032258064516129,0.2903225806451613,0.0,targetFunction,1,2,0,120.14447039437856
3,3,3_0,COMPLETED,Manual,135.00685581032218,0.9206349206349206,0.0,0.0,0.0,0.0,0.0,0.0,0.0,0.0793650793650793,0.0,targetFunction,2,2,0,135.00685581032218
4,4,4_0,COMPLETED,Manual,157.3709982220219,0.8,0.0,0.0,0.0,0.0,0.0,0.1,0.0,0.1,0.0,targetFunction,3,2,0,157.3709982220219
5,5,5_0,COMPLETED,Manual,158.1333799161532,0.8,0.0,0.0,0.0,0.1,0.0,0.0,0.0,0.1,0.0,targetFunction,4,2,0,158.1333799161532
6,6,6_0,COMPLETED,Manual,164.95783085754786,0.8,0.0,0.0,0.0,0.0,0.0,0.0,0.006,0.194,0.0,targetFunction,5,2,0,164.95783085754786
7,7,7_0,COMPLETED,Manual,141.99720450911195,0.8,0.0,0.0,0.0,0.0,0.0,0.0,0.1,0.1,0.0,targetFunction,6,2,0,164.95783085754786
8,8,8_0,COMPLETED,Manual,155.4607999734539,0.8,0.0,0.0,0.0,0.0,0.0,0.0,0.02,0.18,0.0,targetFunction,7,2,0,164.95783085754786
9,9,9_0,COMPLETED,Manual,117.25187832749276,0.6774193548387097,0.0,0.0,0.0,0.0,0.0,0.0,0.1612903225806451,0.1612903225806451,0.0,targetFunction,8,2,0,164.95783085754786
10,10,10_0,COMPLETED,Manual,162.45475186999536,0.8,0.0,0.02,0.0,0.0,0.0,0.0,0.004,0.176,0.0,targetFunction,9,2,0,164.95783085754786
11,11,11_0,COMPLETED,Manual,144.96028373864337,0.8,0.0,0.0,0.0,0.0,0.0,0.0,0.06,0.1399999999999999,0.0,targetFunction,10,2,0,164.95783085754786
12,12,12_0,COMPLETED,Manual,172.10145777143768,0.8,0.0,0.01,0.0,0.0,0.0,0.0,0.0,0.19,0.0,targetFunction,11,2,0,172.10145777143768
13,13,13_0,COMPLETED,Manual,119.10061804970184,0.6666666666666666,0.1583333333333333,0.1666666666666666,0.0083333333333333,0.0,0.0,0.0,0.0,0.0,0.0,targetFunction,12,2,0,172.10145777143768
14,14,14_0,COMPLETED,Manual,156.29592045921626,0.8,0.0,0.0,0.0,0.0,0.0,0.008,0.0,0.192,0.0,targetFunction,13,2,0,172.10145777143768
15,15,15_0,COMPLETED,Manual,151.04621599946466,0.8,0.0,0.1,0.0,0.0,0.0,0.0,0.0,0.1,0.0,targetFunction,14,2,0,172.10145777143768
16,16,16_0,COMPLETED,Manual,153.76270622403183,0.8,0.0,0.0,0.0,0.02,0.0,0.0,0.0,0.18,0.0,targetFunction,15,2,0,172.10145777143768
17,17,17_0,COMPLETED,Manual,139.77718748970685,0.9523809523809524,0.0,0.0,0.0476190476190476,0.0,0.0,0.0,0.0,0.0,0.0,targetFunction,16,2,0,172.10145777143768
18,18,18_0,COMPLETED,Manual,146.76694916719543,0.8,0.0,0.0,0.0,0.0,0.0,0.02,0.0,0.18,0.0,targetFunction,17,2,0,172.10145777143768
19,19,19_0,COMPLETED,Manual,148.9973261341777,0.8,0.0,0.06,0.0,0.0,0.0,0.0,0.0,0.1399999999999999,0.0,targetFunction,18,2,0,172.10145777143768
20,20,20_0,COMPLETED,Manual,152.22068911320298,0.8,0.0,0.0,0.0,0.0,0.0,0.06,0.0,0.1399999999999999,0.0,targetFunction,19,2,0,172.10145777143768
21,21,21_0,COMPLETED,Manual,162.45242842752012,0.8,0.0,0.0,0.0,0.04,0.0,0.0,0.0,0.16,0.0,targetFunction,20,2,0,172.10145777143768
2,2,2_0,COMPLETED,Manual,143.1990010858288,0.9523809523809524,0.0,0.0,0.0,0.0476190476190476,0.0,0.0,0.0,0.0,0.0,targetFunction,1,3,0,143.1990010858288
3,3,3_0,COMPLETED,Manual,135.00685581032218,0.9206349206349206,0.0,0.0,0.0,0.0,0.0,0.0,0.0,0.0793650793650793,0.0,targetFunction,2,3,0,143.1990010858288
4,4,4_0,COMPLETED,Manual,119.10061804970184,0.6666666666666666,0.1583333333333333,0.1666666666666666,0.0083333333333333,0.0,0.0,0.0,0.0,0.0,0.0,targetFunction,3,3,0,143.1990010858288
5,5,5_0,COMPLETED,Manual,139.77718748970685,0.9523809523809524,0.0,0.0,0.0476190476190476,0.0,0.0,0.0,0.0,0.0,0.0,targetFunction,4,3,0,143.1990010858288
6,6,6_0,COMPLETED,Manual,142.20137342601748,0.9230769230769232,0.0,0.0,0.0,0.0769230769230769,0.0,0.0,0.0,0.0,0.0,targetFunction,5,3,0,143.1990010858288
7,7,7_0,COMPLETED,Manual,157.2601275502924,0.9230769230769232,0.0384615384615384,0.0,0.0,0.0384615384615384,0.0,0.0,0.0,0.0,0.0,targetFunction,6,3,0,157.2601275502924
8,8,8_0,COMPLETED,Manual,139.34604170468722,0.9230769230769232,0.0769230769230769,0.0,0.0,0.0,0.0,0.0,0.0,0.0,0.0,targetFunction,7,3,0,157.2601275502924
9,9,9_0,COMPLETED,Manual,123.14024426243438,0.6666666666666666,0.0416666666666666,0.1666666666666666,0.125,0.0,0.0,0.0,0.0,0.0,0.0,targetFunction,8,3,0,157.2601275502924
10,10,10_0,COMPLETED,Manual,156.19085691648428,0.9230769230769232,0.0,0.0,0.0384615384615384,0.0384615384615384,0.0,0.0,0.0,0.0,0.0,targetFunction,9,3,0,157.2601275502924
11,11,11_0,COMPLETED,Manual,162.45242842752012,0.8,0.0,0.0,0.0,0.04,0.0,0.0,0.0,0.16,0.0,targetFunction,10,3,0,162.45242842752012
12,12,12_0,COMPLETED,Manual,158.1333799161532,0.8,0.0,0.0,0.0,0.1,0.0,0.0,0.0,0.1,0.0,targetFunction,11,3,0,162.45242842752012
13,13,13_0,COMPLETED,Manual,153.76270622403183,0.8,0.0,0.0,0.0,0.02,0.0,0.0,0.0,0.18,0.0,targetFunction,12,3,0,162.45242842752012
14,14,14_0,COMPLETED,Manual,141.5965383612692,0.9523809523809524,0.0,0.0,0.0119047619047619,0.0238095238095238,0.0,0.0119047619047619,0.0,0.0,0.0,targetFunction,13,3,0,162.45242842752012
15,15,15_0,COMPLETED,Manual,117.25187832749276,0.6774193548387097,0.0,0.0,0.0,0.0,0.0,0.0,0.1612903225806451,0.1612903225806451,0.0,targetFunction,14,3,0,162.45242842752012
16,16,16_0,COMPLETED,Manual,157.3709982220219,0.8,0.0,0.0,0.0,0.0,0.0,0.1,0.0,0.1,0.0,targetFunction,15,3,0,162.45242842752012
17,17,17_0,COMPLETED,Manual,141.99720450911195,0.8,0.0,0.0,0.0,0.0,0.0,0.0,0.1,0.1,0.0,targetFunction,16,3,0,162.45242842752012
18,18,11_0,COMPLETED,Manual,162.45242842752012,0.8,0.0,0.0,0.0,0.04,0.0,0.0,0.0,0.16,0.0,targetFunction,17,3,0,162.45242842752012
19,19,11_0,COMPLETED,Manual,162.45242842752012,0.8,0.0,0.0,0.0,0.04,0.0,0.0,0.0,0.16,0.0,targetFunction,18,3,0,162.45242842752012
20,20,20_0,COMPLETED,Manual,143.56320631279337,0.9230769230769232,0.0,0.0,0.0,0.0384615384615384,0.0384615384615384,0.0,0.0,0.0,0.0,targetFunction,19,3,0,162.45242842752012
21,21,21_0,COMPLETED,Manual,141.23533652070077,0.6666666666666666,0.0,0.0,0.0,0.0,0.0,0.0,0.0,0.0,0.3333333333333333,targetFunction,20,3,0,162.45242842752012
2,2,2_0,COMPLETED,Manual,135.00685581032218,0.9206349206349206,0.0,0.0,0.0,0.0,0.0,0.0,0.0,0.0793650793650793,0.0,targetFunction,1,4,0,135.00685581032218
3,3,3_0,COMPLETED,Manual,141.23533652070077,0.6666666666666666,0.0,0.0,0.0,0.0,0.0,0.0,0.0,0.0,0.3333333333333333,targetFunction,2,4,0,141.23533652070077
4,4,4_0,COMPLETED,Manual,142.20137342601748,0.9230769230769232,0.0,0.0,0.0,0.0769230769230769,0.0,0.0,0.0,0.0,0.0,targetFunction,3,4,0,142.20137342601748
5,5,5_0,COMPLETED,Manual,106.22927448999997,0.6774193548387097,0.0,0.0,0.0,0.0,0.0,0.0,0.0,0.3225806451612903,0.0,targetFunction,4,4,0,142.20137342601748
6,6,6_0,COMPLETED,Manual,150.35400489203658,0.6666666666666666,0.0,0.0,0.0,0.0,0.0,0.0,0.0,0.1333333333333333,0.1999999999999999,targetFunction,5,4,0,150.35400489203658
7,7,7_0,COMPLETED,Manual,117.25187832749276,0.6774193548387097,0.0,0.0,0.0,0.0,0.0,0.0,0.1612903225806451,0.1612903225806451,0.0,targetFunction,6,4,0,150.35400489203658
8,8,1_0,COMPLETED,Manual,158.1333799161532,0.8,0.0,0.0,0.0,0.1,0.0,0.0,0.0,0.1,0.0,targetFunction,7,4,0,158.1333799161532
9,9,1_0,COMPLETED,Manual,158.1333799161532,0.8,0.0,0.0,0.0,0.1,0.0,0.0,0.0,0.1,0.0,targetFunction,8,4,0,158.1333799161532
10,10,10_0,COMPLETED,Manual,113.43623595623639,0.6666666666666666,0.2222222222222222,0.0,0.0,0.0,0.0,0.0,0.0,0.0,0.1111111111111111,targetFunction,9,4,0,158.1333799161532
11,11,11_0,COMPLETED,Manual,162.45242842752012,0.8,0.0,0.0,0.0,0.04,0.0,0.0,0.0,0.16,0.0,targetFunction,10,4,0,162.45242842752012
12,12,12_0,COMPLETED,Manual,157.3709982220219,0.8,0.0,0.0,0.0,0.0,0.0,0.1,0.0,0.1,0.0,targetFunction,11,4,0,162.45242842752012
13,13,13_0,COMPLETED,Manual,151.04621599946466,0.8,0.0,0.1,0.0,0.0,0.0,0.0,0.0,0.1,0.0,targetFunction,12,4,0,162.45242842752012
14,14,14_0,COMPLETED,Manual,144.96028373864337,0.8,0.0,0.0,0.0,0.0,0.0,0.0,0.06,0.1399999999999999,0.0,targetFunction,13,4,0,162.45242842752012
15,15,11_0,COMPLETED,Manual,162.45242842752012,0.8,0.0,0.0,0.0,0.04,0.0,0.0,0.0,0.16,0.0,targetFunction,14,4,0,162.45242842752012
16,16,11_0,COMPLETED,Manual,162.45242842752012,0.8,0.0,0.0,0.0,0.04,0.0,0.0,0.0,0.16,0.0,targetFunction,15,4,0,162.45242842752012
17,17,11_0,COMPLETED,Manual,162.45242842752012,0.8,0.0,0.0,0.0,0.04,0.0,0.0,0.0,0.16,0.0,targetFunction,16,4,0,162.45242842752012
18,18,11_0,COMPLETED,Manual,162.45242842752012,0.8,0.0,0.0,0.0,0.04,0.0,0.0,0.0,0.16,0.0,targetFunction,17,4,0,162.45242842752012
19,19,19_0,COMPLETED,Manual,122.0447716941213,0.6666666666666666,0.0,0.0,0.2222222222222222,0.0,0.0,0.0,0.0,0.0,0.1111111111111111,targetFunction,18,4,0,162.45242842752012
20,20,11_0,COMPLETED,Manual,162.45242842752012,0.8,0.0,0.0,0.0,0.04,0.0,0.0,0.0,0.16,0.0,targetFunction,19,4,0,162.45242842752012
21,21,21_0,COMPLETED,Manual,146.76694916719543,0.8,0.0,0.0,0.0,0.0,0.0,0.02,0.0,0.18,0.0,targetFunction,20,4,0,162.45242842752012
4,4,4_0,COMPLETED,Manual,150.35400489203658,0.6666666666666666,0.0,0.0,0.0,0.0,0.0,0.0,0.0,0.1333333333333333,0.1999999999999999,targetFunction,1,0,2,150.35400489203658
5,5,5_0,COMPLETED,Manual,106.22927448999997,0.6774193548387097,0.0,0.0,0.0,0.0,0.0,0.0,0.0,0.3225806451612903,0.0,targetFunction,2,0,2,150.35400489203658
6,6,4_0,COMPLETED,Manual,150.35400489203658,0.6666666666666666,0.0,0.0,0.0,0.0,0.0,0.0,0.0,0.1333333333333333,0.1999999999999999,targetFunction,3,0,2,150.35400489203658
7,7,7_0,COMPLETED,Manual,141.23533652070077,0.6666666666666666,0.0,0.0,0.0,0.0,0.0,0.0,0.0,0.0,0.3333333333333333,targetFunction,4,0,2,150.35400489203658
8,8,8_0,COMPLETED,Manual,158.1333799161532,0.8,0.0,0.0,0.0,0.1,0.0,0.0,0.0,0.1,0.0,targetFunction,5,0,2,158.1333799161532
9,9,8_0,COMPLETED,Manual,158.1333799161532,0.8,0.0,0.0,0.0,0.1,0.0,0.0,0.0,0.1,0.0,targetFunction,6,0,2,158.1333799161532
10,10,8_0,COMPLETED,Manual,158.1333799161532,0.8,0.0,0.0,0.0,0.1,0.0,0.0,0.0,0.1,0.0,targetFunction,7,0,2,158.1333799161532
11,11,8_0,COMPLETED,Manual,158.1333799161532,0.8,0.0,0.0,0.0,0.1,0.0,0.0,0.0,0.1,0.0,targetFunction,8,0,2,158.1333799161532
12,12,8_0,COMPLETED,Manual,158.1333799161532,0.8,0.0,0.0,0.0,0.1,0.0,0.0,0.0,0.1,0.0,targetFunction,9,0,2,158.1333799161532
13,13,13_0,COMPLETED,Manual,157.3709982220219,0.8,0.0,0.0,0.0,0.0,0.0,0.1,0.0,0.1,0.0,targetFunction,10,0,2,158.1333799161532
14,14,8_0,COMPLETED,Manual,158.1333799161532,0.8,0.0,0.0,0.0,0.1,0.0,0.0,0.0,0.1,0.0,targetFunction,11,0,2,158.1333799161532
15,15,8_0,COMPLETED,Manual,158.1333799161532,0.8,0.0,0.0,0.0,0.1,0.0,0.0,0.0,0.1,0.0,targetFunction,12,0,2,158.1333799161532
16,16,16_0,COMPLETED,Manual,146.36334018327767,0.9206349206349206,0.0,0.0,0.0079365079365079,0.0,0.0,0.0,0.0,0.0714285714285714,0.0,targetFunction,13,0,2,158.1333799161532
17,17,8_0,COMPLETED,Manual,158.1333799161532,0.8,0.0,0.0,0.0,0.1,0.0,0.0,0.0,0.1,0.0,targetFunction,14,0,2,158.1333799161532
18,18,18_0,COMPLETED,Manual,125.55785596126495,0.6774193548387097,0.0,0.0,0.0,0.0,0.0,0.0,0.064516129032258,0.2580645161290322,0.0,targetFunction,15,0,2,158.1333799161532
19,19,8_0,COMPLETED,Manual,158.1333799161532,0.8,0.0,0.0,0.0,0.1,0.0,0.0,0.0,0.1,0.0,targetFunction,16,0,2,158.1333799161532
20,20,8_0,COMPLETED,Manual,158.1333799161532,0.8,0.0,0.0,0.0,0.1,0.0,0.0,0.0,0.1,0.0,targetFunction,17,0,2,158.1333799161532
21,21,8_0,COMPLETED,Manual,158.1333799161532,0.8,0.0,0.0,0.0,0.1,0.0,0.0,0.0,0.1,0.0,targetFunction,18,0,2,158.1333799161532
22,22,8_0,COMPLETED,Manual,158.1333799161532,0.8,0.0,0.0,0.0,0.1,0.0,0.0,0.0,0.1,0.0,targetFunction,19,0,2,158.1333799161532
23,23,8_0,COMPLETED,Manual,158.1333799161532,0.8,0.0,0.0,0.0,0.1,0.0,0.0,0.0,0.1,0.0,targetFunction,20,0,2,158.1333799161532
4,4,4_0,COMPLETED,Manual,141.23533652070077,0.6666666666666666,0.0,0.0,0.0,0.0,0.0,0.0,0.0,0.0,0.3333333333333333,targetFunction,1,1,2,141.23533652070077
5,5,4_0,COMPLETED,Manual,141.23533652070077,0.6666666666666666,0.0,0.0,0.0,0.0,0.0,0.0,0.0,0.0,0.3333333333333333,targetFunction,2,1,2,141.23533652070077
6,6,6_0,COMPLETED,Manual,119.10061804970184,0.6666666666666666,0.1583333333333333,0.1666666666666666,0.0083333333333333,0.0,0.0,0.0,0.0,0.0,0.0,targetFunction,3,1,2,141.23533652070077
7,7,7_0,COMPLETED,Manual,106.22927448999997,0.6774193548387097,0.0,0.0,0.0,0.0,0.0,0.0,0.0,0.3225806451612903,0.0,targetFunction,4,1,2,141.23533652070077
8,8,8_0,COMPLETED,Manual,143.1990010858288,0.9523809523809524,0.0,0.0,0.0,0.0476190476190476,0.0,0.0,0.0,0.0,0.0,targetFunction,5,1,2,143.1990010858288
9,9,9_0,COMPLETED,Manual,149.34474941658686,0.9523809523809524,0.0,0.0,0.0238095238095238,0.0,0.0119047619047619,0.0119047619047619,0.0,0.0,0.0,targetFunction,6,1,2,149.34474941658686
10,10,10_0,COMPLETED,Manual,150.79684372186182,0.9230769230769232,0.0384615384615384,0.0,0.0384615384615384,0.0,0.0,0.0,0.0,0.0,0.0,targetFunction,7,1,2,150.79684372186182
11,11,11_0,COMPLETED,Manual,139.34604170468722,0.9230769230769232,0.0769230769230769,0.0,0.0,0.0,0.0,0.0,0.0,0.0,0.0,targetFunction,8,1,2,150.79684372186182
12,12,12_0,COMPLETED,Manual,156.19085691648428,0.9230769230769232,0.0,0.0,0.0384615384615384,0.0384615384615384,0.0,0.0,0.0,0.0,0.0,targetFunction,9,1,2,156.19085691648428
13,13,12_0,COMPLETED,Manual,156.19085691648428,0.9230769230769232,0.0,0.0,0.0384615384615384,0.0384615384615384,0.0,0.0,0.0,0.0,0.0,targetFunction,10,1,2,156.19085691648428
14,14,12_0,COMPLETED,Manual,156.19085691648428,0.9230769230769232,0.0,0.0,0.0384615384615384,0.0384615384615384,0.0,0.0,0.0,0.0,0.0,targetFunction,11,1,2,156.19085691648428
15,15,15_0,COMPLETED,Manual,157.3709982220219,0.8,0.0,0.0,0.0,0.0,0.0,0.1,0.0,0.1,0.0,targetFunction,12,1,2,157.3709982220219
16,16,16_0,COMPLETED,Manual,158.1333799161532,0.8,0.0,0.0,0.0,0.1,0.0,0.0,0.0,0.1,0.0,targetFunction,13,1,2,158.1333799161532
17,17,16_0,COMPLETED,Manual,158.1333799161532,0.8,0.0,0.0,0.0,0.1,0.0,0.0,0.0,0.1,0.0,targetFunction,14,1,2,158.1333799161532
18,18,18_0,COMPLETED,Manual,141.99720450911195,0.8,0.0,0.0,0.0,0.0,0.0,0.0,0.1,0.1,0.0,targetFunction,15,1,2,158.1333799161532
19,19,16_0,COMPLETED,Manual,158.1333799161532,0.8,0.0,0.0,0.0,0.1,0.0,0.0,0.0,0.1,0.0,targetFunction,16,1,2,158.1333799161532
20,20,16_0,COMPLETED,Manual,158.1333799161532,0.8,0.0,0.0,0.0,0.1,0.0,0.0,0.0,0.1,0.0,targetFunction,17,1,2,158.1333799161532
21,21,16_0,COMPLETED,Manual,158.1333799161532,0.8,0.0,0.0,0.0,0.1,0.0,0.0,0.0,0.1,0.0,targetFunction,18,1,2,158.1333799161532
22,22,16_0,COMPLETED,Manual,158.1333799161532,0.8,0.0,0.0,0.0,0.1,0.0,0.0,0.0,0.1,0.0,targetFunction,19,1,2,158.1333799161532
23,23,23_0,COMPLETED,Manual,134.14889825638772,0.9206349206349206,0.0,0.0,0.0158730158730158,0.0,0.0,0.0,0.0,0.0634920634920635,0.0,targetFunction,20,1,2,158.1333799161532
4,4,4_0,COMPLETED,Manual,106.22927448999997,0.6774193548387097,0.0,0.0,0.0,0.0,0.0,0.0,0.0,0.3225806451612903,0.0,targetFunction,1,2,2,106.22927448999997
5,5,5_0,COMPLETED,Manual,151.04621599946466,0.8,0.0,0.1,0.0,0.0,0.0,0.0,0.0,0.1,0.0,targetFunction,2,2,2,151.04621599946466
6,6,6_0,COMPLETED,Manual,113.43623595623639,0.6666666666666666,0.2222222222222222,0.0,0.0,0.0,0.0,0.0,0.0,0.0,0.1111111111111111,targetFunction,3,2,2,151.04621599946466
7,7,7_0,COMPLETED,Manual,139.77718748970685,0.9523809523809524,0.0,0.0,0.0476190476190476,0.0,0.0,0.0,0.0,0.0,0.0,targetFunction,4,2,2,151.04621599946466
8,8,2_0,COMPLETED,Manual,163.68216005041552,0.8,0.0,0.0,0.0,0.008,0.0,0.0,0.0,0.192,0.0,targetFunction,5,2,2,163.68216005041552
9,9,2_0,COMPLETED,Manual,163.68216005041552,0.8,0.0,0.0,0.0,0.008,0.0,0.0,0.0,0.192,0.0,targetFunction,6,2,2,163.68216005041552
10,10,2_0,COMPLETED,Manual,163.68216005041552,0.8,0.0,0.0,0.0,0.008,0.0,0.0,0.0,0.192,0.0,targetFunction,7,2,2,163.68216005041552
11,11,2_0,COMPLETED,Manual,163.68216005041552,0.8,0.0,0.0,0.0,0.008,0.0,0.0,0.0,0.192,0.0,targetFunction,8,2,2,163.68216005041552
12,12,12_0,COMPLETED,Manual,158.1333799161532,0.8,0.0,0.0,0.0,0.1,0.0,0.0,0.0,0.1,0.0,targetFunction,9,2,2,163.68216005041552
13,13,13_0,COMPLETED,Manual,164.95783085754786,0.8,0.0,0.0,0.0,0.0,0.0,0.0,0.006,0.194,0.0,targetFunction,10,2,2,164.95783085754786
14,14,14_0,COMPLETED,Manual,141.99720450911195,0.8,0.0,0.0,0.0,0.0,0.0,0.0,0.1,0.1,0.0,targetFunction,11,2,2,164.95783085754786
15,15,15_0,COMPLETED,Manual,155.4607999734539,0.8,0.0,0.0,0.0,0.0,0.0,0.0,0.02,0.18,0.0,targetFunction,12,2,2,164.95783085754786
16,16,13_0,COMPLETED,Manual,164.95783085754786,0.8,0.0,0.0,0.0,0.0,0.0,0.0,0.006,0.194,0.0,targetFunction,13,2,2,164.95783085754786
17,17,17_0,COMPLETED,Manual,125.55785596126495,0.6774193548387097,0.0,0.0,0.0,0.0,0.0,0.0,0.064516129032258,0.2580645161290322,0.0,targetFunction,14,2,2,164.95783085754786
18,18,18_0,COMPLETED,Manual,139.8889943859047,0.9206349206349206,0.0198412698412698,0.0,0.0,0.0,0.0,0.0,0.0,0.0595238095238095,0.0,targetFunction,15,2,2,164.95783085754786
19,19,13_0,COMPLETED,Manual,164.95783085754786,0.8,0.0,0.0,0.0,0.0,0.0,0.0,0.006,0.194,0.0,targetFunction,16,2,2,164.95783085754786
20,20,20_0,COMPLETED,Manual,117.25187832749276,0.6774193548387097,0.0,0.0,0.0,0.0,0.0,0.0,0.1612903225806451,0.1612903225806451,0.0,targetFunction,17,2,2,164.95783085754786
21,21,13_0,COMPLETED,Manual,164.95783085754786,0.8,0.0,0.0,0.0,0.0,0.0,0.0,0.006,0.194,0.0,targetFunction,18,2,2,164.95783085754786
22,22,13_0,COMPLETED,Manual,164.95783085754786,0.8,0.0,0.0,0.0,0.0,0.0,0.0,0.006,0.194,0.0,targetFunction,19,2,2,164.95783085754786
23,23,13_0,COMPLETED,Manual,164.95783085754786,0.8,0.0,0.0,0.0,0.0,0.0,0.0,0.006,0.194,0.0,targetFunction,20,2,2,164.95783085754786
4,4,4_0,COMPLETED,Manual,141.23533652070077,0.6666666666666666,0.0,0.0,0.0,0.0,0.0,0.0,0.0,0.0,0.3333333333333333,targetFunction,1,3,2,141.23533652070077
5,5,5_0,COMPLETED,Manual,148.72605678839184,0.9523809523809524,0.0,0.0,0.0,0.0119047619047619,0.0238095238095238,0.0119047619047619,0.0,0.0,0.0,targetFunction,2,3,2,148.72605678839184
6,6,5_0,COMPLETED,Manual,148.72605678839184,0.9523809523809524,0.0,0.0,0.0,0.0119047619047619,0.0238095238095238,0.0119047619047619,0.0,0.0,0.0,targetFunction,3,3,2,148.72605678839184
7,7,5_0,COMPLETED,Manual,148.72605678839184,0.9523809523809524,0.0,0.0,0.0,0.0119047619047619,0.0238095238095238,0.0119047619047619,0.0,0.0,0.0,targetFunction,4,3,2,148.72605678839184
8,8,5_0,COMPLETED,Manual,148.72605678839184,0.9523809523809524,0.0,0.0,0.0,0.0119047619047619,0.0238095238095238,0.0119047619047619,0.0,0.0,0.0,targetFunction,5,3,2,148.72605678839184
9,9,5_0,COMPLETED,Manual,148.72605678839184,0.9523809523809524,0.0,0.0,0.0,0.0119047619047619,0.0238095238095238,0.0119047619047619,0.0,0.0,0.0,targetFunction,6,3,2,148.72605678839184
10,10,5_0,COMPLETED,Manual,148.72605678839184,0.9523809523809524,0.0,0.0,0.0,0.0119047619047619,0.0238095238095238,0.0119047619047619,0.0,0.0,0.0,targetFunction,7,3,2,148.72605678839184
11,11,11_0,COMPLETED,Manual,143.56320631279337,0.9230769230769232,0.0,0.0,0.0,0.0384615384615384,0.0384615384615384,0.0,0.0,0.0,0.0,targetFunction,8,3,2,148.72605678839184
12,12,12_0,COMPLETED,Manual,157.3709982220219,0.8,0.0,0.0,0.0,0.0,0.0,0.1,0.0,0.1,0.0,targetFunction,9,3,2,157.3709982220219
13,13,12_0,COMPLETED,Manual,157.3709982220219,0.8,0.0,0.0,0.0,0.0,0.0,0.1,0.0,0.1,0.0,targetFunction,10,3,2,157.3709982220219
14,14,12_0,COMPLETED,Manual,157.3709982220219,0.8,0.0,0.0,0.0,0.0,0.0,0.1,0.0,0.1,0.0,targetFunction,11,3,2,157.3709982220219
15,15,12_0,COMPLETED,Manual,157.3709982220219,0.8,0.0,0.0,0.0,0.0,0.0,0.1,0.0,0.1,0.0,targetFunction,12,3,2,157.3709982220219
16,16,16_0,COMPLETED,Manual,117.25187832749276,0.6774193548387097,0.0,0.0,0.0,0.0,0.0,0.0,0.1612903225806451,0.1612903225806451,0.0,targetFunction,13,3,2,157.3709982220219
17,17,12_0,COMPLETED,Manual,157.3709982220219,0.8,0.0,0.0,0.0,0.0,0.0,0.1,0.0,0.1,0.0,targetFunction,14,3,2,157.3709982220219
18,18,12_0,COMPLETED,Manual,157.3709982220219,0.8,0.0,0.0,0.0,0.0,0.0,0.1,0.0,0.1,0.0,targetFunction,15,3,2,157.3709982220219
19,19,12_0,COMPLETED,Manual,157.3709982220219,0.8,0.0,0.0,0.0,0.0,0.0,0.1,0.0,0.1,0.0,targetFunction,16,3,2,157.3709982220219
20,20,12_0,COMPLETED,Manual,157.3709982220219,0.8,0.0,0.0,0.0,0.0,0.0,0.1,0.0,0.1,0.0,targetFunction,17,3,2,157.3709982220219
21,21,12_0,COMPLETED,Manual,157.3709982220219,0.8,0.0,0.0,0.0,0.0,0.0,0.1,0.0,0.1,0.0,targetFunction,18,3,2,157.3709982220219
22,22,12_0,COMPLETED,Manual,157.3709982220219,0.8,0.0,0.0,0.0,0.0,0.0,0.1,0.0,0.1,0.0,targetFunction,19,3,2,157.3709982220219
23,23,12_0,COMPLETED,Manual,157.3709982220219,0.8,0.0,0.0,0.0,0.0,0.0,0.1,0.0,0.1,0.0,targetFunction,20,3,2,157.3709982220219
4,4,4_0,COMPLETED,Manual,151.04621599946466,0.8,0.0,0.1,0.0,0.0,0.0,0.0,0.0,0.1,0.0,targetFunction,1,4,2,151.04621599946466
5,5,3_0,COMPLETED,Manual,158.1333799161532,0.8,0.0,0.0,0.0,0.1,0.0,0.0,0.0,0.1,0.0,targetFunction,2,4,2,158.1333799161532
6,6,3_0,COMPLETED,Manual,158.1333799161532,0.8,0.0,0.0,0.0,0.1,0.0,0.0,0.0,0.1,0.0,targetFunction,3,4,2,158.1333799161532
7,7,3_0,COMPLETED,Manual,158.1333799161532,0.8,0.0,0.0,0.0,0.1,0.0,0.0,0.0,0.1,0.0,targetFunction,4,4,2,158.1333799161532
8,8,3_0,COMPLETED,Manual,158.1333799161532,0.8,0.0,0.0,0.0,0.1,0.0,0.0,0.0,0.1,0.0,targetFunction,5,4,2,158.1333799161532
9,9,9_0,COMPLETED,Manual,141.23533652070077,0.6666666666666666,0.0,0.0,0.0,0.0,0.0,0.0,0.0,0.0,0.3333333333333333,targetFunction,6,4,2,158.1333799161532
10,10,3_0,COMPLETED,Manual,158.1333799161532,0.8,0.0,0.0,0.0,0.1,0.0,0.0,0.0,0.1,0.0,targetFunction,7,4,2,158.1333799161532
11,11,3_0,COMPLETED,Manual,158.1333799161532,0.8,0.0,0.0,0.0,0.1,0.0,0.0,0.0,0.1,0.0,targetFunction,8,4,2,158.1333799161532
12,12,12_0,COMPLETED,Manual,142.20137342601748,0.9230769230769232,0.0,0.0,0.0,0.0769230769230769,0.0,0.0,0.0,0.0,0.0,targetFunction,9,4,2,158.1333799161532
13,13,13_0,COMPLETED,Manual,106.22927448999997,0.6774193548387097,0.0,0.0,0.0,0.0,0.0,0.0,0.0,0.3225806451612903,0.0,targetFunction,10,4,2,158.1333799161532
14,14,3_0,COMPLETED,Manual,158.1333799161532,0.8,0.0,0.0,0.0,0.1,0.0,0.0,0.0,0.1,0.0,targetFunction,11,4,2,158.1333799161532
15,15,3_0,COMPLETED,Manual,158.1333799161532,0.8,0.0,0.0,0.0,0.1,0.0,0.0,0.0,0.1,0.0,targetFunction,12,4,2,158.1333799161532
16,16,3_0,COMPLETED,Manual,158.1333799161532,0.8,0.0,0.0,0.0,0.1,0.0,0.0,0.0,0.1,0.0,targetFunction,13,4,2,158.1333799161532
17,17,3_0,COMPLETED,Manual,158.1333799161532,0.8,0.0,0.0,0.0,0.1,0.0,0.0,0.0,0.1,0.0,targetFunction,14,4,2,158.1333799161532
18,18,3_0,COMPLETED,Manual,158.1333799161532,0.8,0.0,0.0,0.0,0.1,0.0,0.0,0.0,0.1,0.0,targetFunction,15,4,2,158.1333799161532
19,19,3_0,COMPLETED,Manual,158.1333799161532,0.8,0.0,0.0,0.0,0.1,0.0,0.0,0.0,0.1,0.0,targetFunction,16,4,2,158.1333799161532
20,20,3_0,COMPLETED,Manual,158.1333799161532,0.8,0.0,0.0,0.0,0.1,0.0,0.0,0.0,0.1,0.0,targetFunction,17,4,2,158.1333799161532
21,21,3_0,COMPLETED,Manual,158.1333799161532,0.8,0.0,0.0,0.0,0.1,0.0,0.0,0.0,0.1,0.0,targetFunction,18,4,2,158.1333799161532
22,22,3_0,COMPLETED,Manual,158.1333799161532,0.8,0.0,0.0,0.0,0.1,0.0,0.0,0.0,0.1,0.0,targetFunction,19,4,2,158.1333799161532
23,23,3_0,COMPLETED,Manual,158.1333799161532,0.8,0.0,0.0,0.0,0.1,0.0,0.0,0.0,0.1,0.0,targetFunction,20,4,2,158.1333799161532
6,6,6_0,COMPLETED,Manual,106.22927448999997,0.6774193548387097,0.0,0.0,0.0,0.0,0.0,0.0,0.0,0.3225806451612903,0.0,targetFunction,1,0,4,106.22927448999997
7,7,7_0,COMPLETED,Manual,143.1990010858288,0.9523809523809524,0.0,0.0,0.0,0.0476190476190476,0.0,0.0,0.0,0.0,0.0,targetFunction,2,0,4,143.1990010858288
8,8,8_0,COMPLETED,Manual,142.20137342601748,0.9230769230769232,0.0,0.0,0.0,0.0769230769230769,0.0,0.0,0.0,0.0,0.0,targetFunction,3,0,4,143.1990010858288
9,9,7_0,COMPLETED,Manual,143.1990010858288,0.9523809523809524,0.0,0.0,0.0,0.0476190476190476,0.0,0.0,0.0,0.0,0.0,targetFunction,4,0,4,143.1990010858288
10,10,7_0,COMPLETED,Manual,143.1990010858288,0.9523809523809524,0.0,0.0,0.0,0.0476190476190476,0.0,0.0,0.0,0.0,0.0,targetFunction,5,0,4,143.1990010858288
11,11,11_0,COMPLETED,Manual,141.23533652070077,0.6666666666666666,0.0,0.0,0.0,0.0,0.0,0.0,0.0,0.0,0.3333333333333333,targetFunction,6,0,4,143.1990010858288
12,12,12_0,COMPLETED,Manual,117.25187832749276,0.6774193548387097,0.0,0.0,0.0,0.0,0.0,0.0,0.1612903225806451,0.1612903225806451,0.0,targetFunction,7,0,4,143.1990010858288
13,13,7_0,COMPLETED,Manual,143.1990010858288,0.9523809523809524,0.0,0.0,0.0,0.0476190476190476,0.0,0.0,0.0,0.0,0.0,targetFunction,8,0,4,143.1990010858288
14,14,7_0,COMPLETED,Manual,143.1990010858288,0.9523809523809524,0.0,0.0,0.0,0.0476190476190476,0.0,0.0,0.0,0.0,0.0,targetFunction,9,0,4,143.1990010858288
15,15,7_0,COMPLETED,Manual,143.1990010858288,0.9523809523809524,0.0,0.0,0.0,0.0476190476190476,0.0,0.0,0.0,0.0,0.0,targetFunction,10,0,4,143.1990010858288
16,16,7_0,COMPLETED,Manual,143.1990010858288,0.9523809523809524,0.0,0.0,0.0,0.0476190476190476,0.0,0.0,0.0,0.0,0.0,targetFunction,11,0,4,143.1990010858288
17,17,17_0,COMPLETED,Manual,119.10061804970184,0.6666666666666666,0.1583333333333333,0.1666666666666666,0.0083333333333333,0.0,0.0,0.0,0.0,0.0,0.0,targetFunction,12,0,4,143.1990010858288
18,18,7_0,COMPLETED,Manual,143.1990010858288,0.9523809523809524,0.0,0.0,0.0,0.0476190476190476,0.0,0.0,0.0,0.0,0.0,targetFunction,13,0,4,143.1990010858288
19,19,7_0,COMPLETED,Manual,143.1990010858288,0.9523809523809524,0.0,0.0,0.0,0.0476190476190476,0.0,0.0,0.0,0.0,0.0,targetFunction,14,0,4,143.1990010858288
20,20,7_0,COMPLETED,Manual,143.1990010858288,0.9523809523809524,0.0,0.0,0.0,0.0476190476190476,0.0,0.0,0.0,0.0,0.0,targetFunction,15,0,4,143.1990010858288
21,21,7_0,COMPLETED,Manual,143.1990010858288,0.9523809523809524,0.0,0.0,0.0,0.0476190476190476,0.0,0.0,0.0,0.0,0.0,targetFunction,16,0,4,143.1990010858288
22,22,7_0,COMPLETED,Manual,143.1990010858288,0.9523809523809524,0.0,0.0,0.0,0.0476190476190476,0.0,0.0,0.0,0.0,0.0,targetFunction,17,0,4,143.1990010858288
23,23,7_0,COMPLETED,Manual,143.1990010858288,0.9523809523809524,0.0,0.0,0.0,0.0476190476190476,0.0,0.0,0.0,0.0,0.0,targetFunction,18,0,4,143.1990010858288
24,24,7_0,COMPLETED,Manual,143.1990010858288,0.9523809523809524,0.0,0.0,0.0,0.0476190476190476,0.0,0.0,0.0,0.0,0.0,targetFunction,19,0,4,143.1990010858288
25,25,7_0,COMPLETED,Manual,143.1990010858288,0.9523809523809524,0.0,0.0,0.0,0.0476190476190476,0.0,0.0,0.0,0.0,0.0,targetFunction,20,0,4,143.1990010858288
6,6,6_0,COMPLETED,Manual,117.25187832749276,0.6774193548387097,0.0,0.0,0.0,0.0,0.0,0.0,0.1612903225806451,0.1612903225806451,0.0,targetFunction,1,1,4,117.25187832749276
7,7,7_0,COMPLETED,Manual,142.20137342601748,0.9230769230769232,0.0,0.0,0.0,0.0769230769230769,0.0,0.0,0.0,0.0,0.0,targetFunction,2,1,4,142.20137342601748
8,8,7_0,COMPLETED,Manual,142.20137342601748,0.9230769230769232,0.0,0.0,0.0,0.0769230769230769,0.0,0.0,0.0,0.0,0.0,targetFunction,3,1,4,142.20137342601748
9,9,7_0,COMPLETED,Manual,142.20137342601748,0.9230769230769232,0.0,0.0,0.0,0.0769230769230769,0.0,0.0,0.0,0.0,0.0,targetFunction,4,1,4,142.20137342601748
10,10,10_0,COMPLETED,Manual,143.1990010858288,0.9523809523809524,0.0,0.0,0.0,0.0476190476190476,0.0,0.0,0.0,0.0,0.0,targetFunction,5,1,4,143.1990010858288
11,11,11_0,COMPLETED,Manual,141.23533652070077,0.6666666666666666,0.0,0.0,0.0,0.0,0.0,0.0,0.0,0.0,0.3333333333333333,targetFunction,6,1,4,143.1990010858288
12,12,12_0,COMPLETED,Manual,147.0022769034152,0.9523809523809524,0.0,0.0,0.0,0.0238095238095238,0.0119047619047619,0.0119047619047619,0.0,0.0,0.0,targetFunction,7,1,4,147.0022769034152
13,13,13_0,COMPLETED,Manual,148.72605678839184,0.9523809523809524,0.0,0.0,0.0,0.0119047619047619,0.0238095238095238,0.0119047619047619,0.0,0.0,0.0,targetFunction,8,1,4,148.72605678839184
14,14,14_0,COMPLETED,Manual,138.36535852769708,0.9523809523809524,0.0,0.0,0.0,0.0119047619047619,0.0119047619047619,0.0238095238095238,0.0,0.0,0.0,targetFunction,9,1,4,148.72605678839184
15,15,15_0,COMPLETED,Manual,143.56320631279337,0.9230769230769232,0.0,0.0,0.0,0.0384615384615384,0.0384615384615384,0.0,0.0,0.0,0.0,targetFunction,10,1,4,148.72605678839184
16,16,15_0,COMPLETED,Manual,143.56320631279337,0.9230769230769232,0.0,0.0,0.0,0.0384615384615384,0.0384615384615384,0.0,0.0,0.0,0.0,targetFunction,11,1,4,148.72605678839184
17,17,15_0,COMPLETED,Manual,143.56320631279337,0.9230769230769232,0.0,0.0,0.0,0.0384615384615384,0.0384615384615384,0.0,0.0,0.0,0.0,targetFunction,12,1,4,148.72605678839184
18,18,18_0,COMPLETED,Manual,121.70683253959652,0.9523809523809524,0.0,0.0,0.0119047619047619,0.0,0.0238095238095238,0.0119047619047619,0.0,0.0,0.0,targetFunction,13,1,4,148.72605678839184
19,19,13_0,COMPLETED,Manual,148.72605678839184,0.9523809523809524,0.0,0.0,0.0,0.0119047619047619,0.0238095238095238,0.0119047619047619,0.0,0.0,0.0,targetFunction,14,1,4,148.72605678839184
20,20,10_0,COMPLETED,Manual,143.1990010858288,0.9523809523809524,0.0,0.0,0.0,0.0476190476190476,0.0,0.0,0.0,0.0,0.0,targetFunction,15,1,4,148.72605678839184
21,21,7_0,COMPLETED,Manual,142.20137342601748,0.9230769230769232,0.0,0.0,0.0,0.0769230769230769,0.0,0.0,0.0,0.0,0.0,targetFunction,16,1,4,148.72605678839184
22,22,22_0,COMPLETED,Manual,113.43623595623639,0.6666666666666666,0.2222222222222222,0.0,0.0,0.0,0.0,0.0,0.0,0.0,0.1111111111111111,targetFunction,17,1,4,148.72605678839184
23,23,7_0,COMPLETED,Manual,142.20137342601748,0.9230769230769232,0.0,0.0,0.0,0.0769230769230769,0.0,0.0,0.0,0.0,0.0,targetFunction,18,1,4,148.72605678839184
24,24,24_0,COMPLETED,Manual,135.58222778383404,0.9523809523809524,0.0,0.0,0.0238095238095238,0.0119047619047619,0.0119047619047619,0.0,0.0,0.0,0.0,targetFunction,19,1,4,148.72605678839184
25,25,7_0,COMPLETED,Manual,142.20137342601748,0.9230769230769232,0.0,0.0,0.0,0.0769230769230769,0.0,0.0,0.0,0.0,0.0,targetFunction,20,1,4,148.72605678839184
6,6,6_0,COMPLETED,Manual,150.35400489203658,0.6666666666666666,0.0,0.0,0.0,0.0,0.0,0.0,0.0,0.1333333333333333,0.1999999999999999,targetFunction,1,2,4,150.35400489203658
7,7,7_0,COMPLETED,Manual,106.22927448999997,0.6774193548387097,0.0,0.0,0.0,0.0,0.0,0.0,0.0,0.3225806451612903,0.0,targetFunction,2,2,4,150.35400489203658
8,8,8_0,COMPLETED,Manual,143.1990010858288,0.9523809523809524,0.0,0.0,0.0,0.0476190476190476,0.0,0.0,0.0,0.0,0.0,targetFunction,3,2,4,150.35400489203658
9,9,9_0,COMPLETED,Manual,158.1333799161532,0.8,0.0,0.0,0.0,0.1,0.0,0.0,0.0,0.1,0.0,targetFunction,4,2,4,158.1333799161532
10,10,10_0,COMPLETED,Manual,141.23533652070077,0.6666666666666666,0.0,0.0,0.0,0.0,0.0,0.0,0.0,0.0,0.3333333333333333,targetFunction,5,2,4,158.1333799161532
11,11,11_0,COMPLETED,Manual,164.95783085754786,0.8,0.0,0.0,0.0,0.0,0.0,0.0,0.006,0.194,0.0,targetFunction,6,2,4,164.95783085754786
12,12,12_0,COMPLETED,Manual,141.99720450911195,0.8,0.0,0.0,0.0,0.0,0.0,0.0,0.1,0.1,0.0,targetFunction,7,2,4,164.95783085754786
13,13,11_0,COMPLETED,Manual,164.95783085754786,0.8,0.0,0.0,0.0,0.0,0.0,0.0,0.006,0.194,0.0,targetFunction,8,2,4,164.95783085754786
14,14,11_0,COMPLETED,Manual,164.95783085754786,0.8,0.0,0.0,0.0,0.0,0.0,0.0,0.006,0.194,0.0,targetFunction,9,2,4,164.95783085754786
15,15,11_0,COMPLETED,Manual,164.95783085754786,0.8,0.0,0.0,0.0,0.0,0.0,0.0,0.006,0.194,0.0,targetFunction,10,2,4,164.95783085754786
16,16,16_0,COMPLETED,Manual,135.00685581032218,0.9206349206349206,0.0,0.0,0.0,0.0,0.0,0.0,0.0,0.0793650793650793,0.0,targetFunction,11,2,4,164.95783085754786
17,17,17_0,COMPLETED,Manual,155.4607999734539,0.8,0.0,0.0,0.0,0.0,0.0,0.0,0.02,0.18,0.0,targetFunction,12,2,4,164.95783085754786
18,18,11_0,COMPLETED,Manual,164.95783085754786,0.8,0.0,0.0,0.0,0.0,0.0,0.0,0.006,0.194,0.0,targetFunction,13,2,4,164.95783085754786
19,19,19_0,COMPLETED,Manual,125.55785596126495,0.6774193548387097,0.0,0.0,0.0,0.0,0.0,0.0,0.064516129032258,0.2580645161290322,0.0,targetFunction,14,2,4,164.95783085754786
20,20,20_0,COMPLETED,Manual,113.43623595623639,0.6666666666666666,0.2222222222222222,0.0,0.0,0.0,0.0,0.0,0.0,0.0,0.1111111111111111,targetFunction,15,2,4,164.95783085754786
21,21,11_0,COMPLETED,Manual,164.95783085754786,0.8,0.0,0.0,0.0,0.0,0.0,0.0,0.006,0.194,0.0,targetFunction,16,2,4,164.95783085754786
22,22,22_0,COMPLETED,Manual,162.45242842752012,0.8,0.0,0.0,0.0,0.04,0.0,0.0,0.0,0.16,0.0,targetFunction,17,2,4,164.95783085754786
23,23,23_0,COMPLETED,Manual,117.25187832749276,0.6774193548387097,0.0,0.0,0.0,0.0,0.0,0.0,0.1612903225806451,0.1612903225806451,0.0,targetFunction,18,2,4,164.95783085754786
24,24,24_0,COMPLETED,Manual,152.22068911320298,0.8,0.0,0.0,0.0,0.0,0.0,0.06,0.0,0.1399999999999999,0.0,targetFunction,19,2,4,164.95783085754786
25,25,25_0,COMPLETED,Manual,148.9973261341777,0.8,0.0,0.06,0.0,0.0,0.0,0.0,0.0,0.1399999999999999,0.0,targetFunction,20,2,4,164.95783085754786
6,6,6_0,COMPLETED,Manual,106.22927448999997,0.6774193548387097,0.0,0.0,0.0,0.0,0.0,0.0,0.0,0.3225806451612903,0.0,targetFunction,1,3,4,106.22927448999997
7,7,7_0,COMPLETED,Manual,141.23533652070077,0.6666666666666666,0.0,0.0,0.0,0.0,0.0,0.0,0.0,0.0,0.3333333333333333,targetFunction,2,3,4,141.23533652070077
8,8,8_0,COMPLETED,Manual,121.70683253959652,0.9523809523809524,0.0,0.0,0.0119047619047619,0.0,0.0238095238095238,0.0119047619047619,0.0,0.0,0.0,targetFunction,3,3,4,141.23533652070077
9,9,9_0,COMPLETED,Manual,157.2601275502924,0.9230769230769232,0.0384615384615384,0.0,0.0,0.0384615384615384,0.0,0.0,0.0,0.0,0.0,targetFunction,4,3,4,157.2601275502924
10,10,10_0,COMPLETED,Manual,119.10061804970184,0.6666666666666666,0.1583333333333333,0.1666666666666666,0.0083333333333333,0.0,0.0,0.0,0.0,0.0,0.0,targetFunction,5,3,4,157.2601275502924
11,11,11_0,COMPLETED,Manual,142.20137342601748,0.9230769230769232,0.0,0.0,0.0,0.0769230769230769,0.0,0.0,0.0,0.0,0.0,targetFunction,6,3,4,157.2601275502924
12,12,9_0,COMPLETED,Manual,157.2601275502924,0.9230769230769232,0.0384615384615384,0.0,0.0,0.0384615384615384,0.0,0.0,0.0,0.0,0.0,targetFunction,7,3,4,157.2601275502924
13,13,13_0,COMPLETED,Manual,153.81739983748278,0.9230769230769232,0.0615384615384615,0.0,0.0,0.0153846153846153,0.0,0.0,0.0,0.0,0.0,targetFunction,8,3,4,157.2601275502924
14,14,9_0,COMPLETED,Manual,157.2601275502924,0.9230769230769232,0.0384615384615384,0.0,0.0,0.0384615384615384,0.0,0.0,0.0,0.0,0.0,targetFunction,9,3,4,157.2601275502924
15,15,9_0,COMPLETED,Manual,157.2601275502924,0.9230769230769232,0.0384615384615384,0.0,0.0,0.0384615384615384,0.0,0.0,0.0,0.0,0.0,targetFunction,10,3,4,157.2601275502924
16,16,9_0,COMPLETED,Manual,157.2601275502924,0.9230769230769232,0.0384615384615384,0.0,0.0,0.0384615384615384,0.0,0.0,0.0,0.0,0.0,targetFunction,11,3,4,157.2601275502924
17,17,9_0,COMPLETED,Manual,157.2601275502924,0.9230769230769232,0.0384615384615384,0.0,0.0,0.0384615384615384,0.0,0.0,0.0,0.0,0.0,targetFunction,12,3,4,157.2601275502924
18,18,9_0,COMPLETED,Manual,157.2601275502924,0.9230769230769232,0.0384615384615384,0.0,0.0,0.0384615384615384,0.0,0.0,0.0,0.0,0.0,targetFunction,13,3,4,157.2601275502924
19,19,9_0,COMPLETED,Manual,157.2601275502924,0.9230769230769232,0.0384615384615384,0.0,0.0,0.0384615384615384,0.0,0.0,0.0,0.0,0.0,targetFunction,14,3,4,157.2601275502924
20,20,9_0,COMPLETED,Manual,157.2601275502924,0.9230769230769232,0.0384615384615384,0.0,0.0,0.0384615384615384,0.0,0.0,0.0,0.0,0.0,targetFunction,15,3,4,157.2601275502924
21,21,9_0,COMPLETED,Manual,157.2601275502924,0.9230769230769232,0.0384615384615384,0.0,0.0,0.0384615384615384,0.0,0.0,0.0,0.0,0.0,targetFunction,16,3,4,157.2601275502924
22,22,9_0,COMPLETED,Manual,157.2601275502924,0.9230769230769232,0.0384615384615384,0.0,0.0,0.0384615384615384,0.0,0.0,0.0,0.0,0.0,targetFunction,17,3,4,157.2601275502924
23,23,9_0,COMPLETED,Manual,157.2601275502924,0.9230769230769232,0.0384615384615384,0.0,0.0,0.0384615384615384,0.0,0.0,0.0,0.0,0.0,targetFunction,18,3,4,157.2601275502924
24,24,9_0,COMPLETED,Manual,157.2601275502924,0.9230769230769232,0.0384615384615384,0.0,0.0,0.0384615384615384,0.0,0.0,0.0,0.0,0.0,targetFunction,19,3,4,157.2601275502924
25,25,9_0,COMPLETED,Manual,157.2601275502924,0.9230769230769232,0.0384615384615384,0.0,0.0,0.0384615384615384,0.0,0.0,0.0,0.0,0.0,targetFunction,20,3,4,157.2601275502924
6,6,6_0,COMPLETED,Manual,106.22927448999997,0.6774193548387097,0.0,0.0,0.0,0.0,0.0,0.0,0.0,0.3225806451612903,0.0,targetFunction,1,4,4,106.22927448999997
7,7,5_0,COMPLETED,Manual,158.1333799161532,0.8,0.0,0.0,0.0,0.1,0.0,0.0,0.0,0.1,0.0,targetFunction,2,4,4,158.1333799161532
8,8,8_0,COMPLETED,Manual,143.1990010858288,0.9523809523809524,0.0,0.0,0.0,0.0476190476190476,0.0,0.0,0.0,0.0,0.0,targetFunction,3,4,4,158.1333799161532
9,9,9_0,COMPLETED,Manual,157.3709982220219,0.8,0.0,0.0,0.0,0.0,0.0,0.1,0.0,0.1,0.0,targetFunction,4,4,4,158.1333799161532
10,10,5_0,COMPLETED,Manual,158.1333799161532,0.8,0.0,0.0,0.0,0.1,0.0,0.0,0.0,0.1,0.0,targetFunction,5,4,4,158.1333799161532
11,11,11_0,COMPLETED,Manual,137.90638877821684,0.9206349206349206,0.0,0.0,0.0396825396825396,0.0,0.0,0.0,0.0,0.0396825396825396,0.0,targetFunction,6,4,4,158.1333799161532
12,12,12_0,COMPLETED,Manual,151.04621599946466,0.8,0.0,0.1,0.0,0.0,0.0,0.0,0.0,0.1,0.0,targetFunction,7,4,4,158.1333799161532
13,13,5_0,COMPLETED,Manual,158.1333799161532,0.8,0.0,0.0,0.0,0.1,0.0,0.0,0.0,0.1,0.0,targetFunction,8,4,4,158.1333799161532
14,14,14_0,COMPLETED,Manual,141.23533652070077,0.6666666666666666,0.0,0.0,0.0,0.0,0.0,0.0,0.0,0.0,0.3333333333333333,targetFunction,9,4,4,158.1333799161532
15,15,5_0,COMPLETED,Manual,158.1333799161532,0.8,0.0,0.0,0.0,0.1,0.0,0.0,0.0,0.1,0.0,targetFunction,10,4,4,158.1333799161532
16,16,5_0,COMPLETED,Manual,158.1333799161532,0.8,0.0,0.0,0.0,0.1,0.0,0.0,0.0,0.1,0.0,targetFunction,11,4,4,158.1333799161532
17,17,5_0,COMPLETED,Manual,158.1333799161532,0.8,0.0,0.0,0.0,0.1,0.0,0.0,0.0,0.1,0.0,targetFunction,12,4,4,158.1333799161532
18,18,5_0,COMPLETED,Manual,158.1333799161532,0.8,0.0,0.0,0.0,0.1,0.0,0.0,0.0,0.1,0.0,targetFunction,13,4,4,158.1333799161532
19,19,5_0,COMPLETED,Manual,158.1333799161532,0.8,0.0,0.0,0.0,0.1,0.0,0.0,0.0,0.1,0.0,targetFunction,14,4,4,158.1333799161532
20,20,5_0,COMPLETED,Manual,158.1333799161532,0.8,0.0,0.0,0.0,0.1,0.0,0.0,0.0,0.1,0.0,targetFunction,15,4,4,158.1333799161532
21,21,5_0,COMPLETED,Manual,158.1333799161532,0.8,0.0,0.0,0.0,0.1,0.0,0.0,0.0,0.1,0.0,targetFunction,16,4,4,158.1333799161532
22,22,5_0,COMPLETED,Manual,158.1333799161532,0.8,0.0,0.0,0.0,0.1,0.0,0.0,0.0,0.1,0.0,targetFunction,17,4,4,158.1333799161532
23,23,5_0,COMPLETED,Manual,158.1333799161532,0.8,0.0,0.0,0.0,0.1,0.0,0.0,0.0,0.1,0.0,targetFunction,18,4,4,158.1333799161532
24,24,5_0,COMPLETED,Manual,158.1333799161532,0.8,0.0,0.0,0.0,0.1,0.0,0.0,0.0,0.1,0.0,targetFunction,19,4,4,158.1333799161532
25,25,25_0,COMPLETED,Manual,162.45242842752012,0.8,0.0,0.0,0.0,0.04,0.0,0.0,0.0,0.16,0.0,targetFunction,20,4,4,162.45242842752012
8,8,8_0,COMPLETED,Manual,106.22927448999997,0.6774193548387097,0.0,0.0,0.0,0.0,0.0,0.0,0.0,0.3225806451612903,0.0,targetFunction,1,0,6,106.22927448999997
9,9,9_0,COMPLETED,Manual,143.1990010858288,0.9523809523809524,0.0,0.0,0.0,0.0476190476190476,0.0,0.0,0.0,0.0,0.0,targetFunction,2,0,6,143.1990010858288
10,10,10_0,COMPLETED,Manual,141.23533652070077,0.6666666666666666,0.0,0.0,0.0,0.0,0.0,0.0,0.0,0.0,0.3333333333333333,targetFunction,3,0,6,143.1990010858288
11,11,9_0,COMPLETED,Manual,143.1990010858288,0.9523809523809524,0.0,0.0,0.0,0.0476190476190476,0.0,0.0,0.0,0.0,0.0,targetFunction,4,0,6,143.1990010858288
12,12,9_0,COMPLETED,Manual,143.1990010858288,0.9523809523809524,0.0,0.0,0.0,0.0476190476190476,0.0,0.0,0.0,0.0,0.0,targetFunction,5,0,6,143.1990010858288
13,13,9_0,COMPLETED,Manual,143.1990010858288,0.9523809523809524,0.0,0.0,0.0,0.0476190476190476,0.0,0.0,0.0,0.0,0.0,targetFunction,6,0,6,143.1990010858288
14,14,14_0,COMPLETED,Manual,142.20137342601748,0.9230769230769232,0.0,0.0,0.0,0.0769230769230769,0.0,0.0,0.0,0.0,0.0,targetFunction,7,0,6,143.1990010858288
15,15,15_0,COMPLETED,Manual,148.72605678839184,0.9523809523809524,0.0,0.0,0.0,0.0119047619047619,0.0238095238095238,0.0119047619047619,0.0,0.0,0.0,targetFunction,8,0,6,148.72605678839184
16,16,16_0,COMPLETED,Manual,143.56320631279337,0.9230769230769232,0.0,0.0,0.0,0.0384615384615384,0.0384615384615384,0.0,0.0,0.0,0.0,targetFunction,9,0,6,148.72605678839184
17,17,17_0,COMPLETED,Manual,113.43623595623639,0.6666666666666666,0.2222222222222222,0.0,0.0,0.0,0.0,0.0,0.0,0.0,0.1111111111111111,targetFunction,10,0,6,148.72605678839184
18,18,18_0,COMPLETED,Manual,152.22068911320298,0.8,0.0,0.0,0.0,0.0,0.0,0.06,0.0,0.1399999999999999,0.0,targetFunction,11,0,6,152.22068911320298
19,19,19_0,COMPLETED,Manual,150.35400489203658,0.6666666666666666,0.0,0.0,0.0,0.0,0.0,0.0,0.0,0.1333333333333333,0.1999999999999999,targetFunction,12,0,6,152.22068911320298
20,20,20_0,COMPLETED,Manual,135.00266042722274,0.9206349206349206,0.0,0.0,0.0,0.0,0.0158730158730158,0.0,0.0,0.0634920634920635,0.0,targetFunction,13,0,6,152.22068911320298
21,21,21_0,COMPLETED,Manual,162.45242842752012,0.8,0.0,0.0,0.0,0.04,0.0,0.0,0.0,0.16,0.0,targetFunction,14,0,6,162.45242842752012
22,22,22_0,COMPLETED,Manual,164.95783085754786,0.8,0.0,0.0,0.0,0.0,0.0,0.0,0.006,0.194,0.0,targetFunction,15,0,6,164.95783085754786
23,23,23_0,COMPLETED,Manual,172.9382536276803,0.8,0.0,0.0,0.0,0.016,0.0,0.0,0.0,0.184,0.0,targetFunction,16,0,6,172.9382536276803
24,24,24_0,COMPLETED,Manual,146.76694916719543,0.8,0.0,0.0,0.0,0.0,0.0,0.02,0.0,0.18,0.0,targetFunction,17,0,6,172.9382536276803
25,25,25_0,COMPLETED,Manual,163.68216005041552,0.8,0.0,0.0,0.0,0.008,0.0,0.0,0.0,0.192,0.0,targetFunction,18,0,6,172.9382536276803
26,26,26_0,COMPLETED,Manual,153.76270622403183,0.8,0.0,0.0,0.0,0.02,0.0,0.0,0.0,0.18,0.0,targetFunction,19,0,6,172.9382536276803
27,27,23_0,COMPLETED,Manual,172.9382536276803,0.8,0.0,0.0,0.0,0.016,0.0,0.0,0.0,0.184,0.0,targetFunction,20,0,6,172.9382536276803
8,8,8_0,COMPLETED,Manual,117.25187832749276,0.6774193548387097,0.0,0.0,0.0,0.0,0.0,0.0,0.1612903225806451,0.1612903225806451,0.0,targetFunction,1,1,6,117.25187832749276
9,9,9_0,COMPLETED,Manual,137.6825662628294,0.9230769230769232,0.0,0.0,0.0769230769230769,0.0,0.0,0.0,0.0,0.0,0.0,targetFunction,2,1,6,137.6825662628294
10,10,10_0,COMPLETED,Manual,141.23533652070077,0.6666666666666666,0.0,0.0,0.0,0.0,0.0,0.0,0.0,0.0,0.3333333333333333,targetFunction,3,1,6,141.23533652070077
11,11,11_0,COMPLETED,Manual,113.43623595623639,0.6666666666666666,0.2222222222222222,0.0,0.0,0.0,0.0,0.0,0.0,0.0,0.1111111111111111,targetFunction,4,1,6,141.23533652070077
12,12,12_0,COMPLETED,Manual,123.93811332092741,0.6666666666666666,0.1666666666666666,0.0,0.0555555555555555,0.0,0.0,0.0,0.0,0.0,0.1111111111111111,targetFunction,5,1,6,141.23533652070077
13,13,13_0,COMPLETED,Manual,139.77718748970685,0.9523809523809524,0.0,0.0,0.0476190476190476,0.0,0.0,0.0,0.0,0.0,0.0,targetFunction,6,1,6,141.23533652070077
14,14,14_0,COMPLETED,Manual,119.10061804970184,0.6666666666666666,0.1583333333333333,0.1666666666666666,0.0083333333333333,0.0,0.0,0.0,0.0,0.0,0.0,targetFunction,7,1,6,141.23533652070077
15,15,15_0,COMPLETED,Manual,143.50927187424523,0.9230769230769232,0.0192307692307692,0.0,0.0576923076923076,0.0,0.0,0.0,0.0,0.0,0.0,targetFunction,8,1,6,143.50927187424523
16,16,15_0,COMPLETED,Manual,143.50927187424523,0.9230769230769232,0.0192307692307692,0.0,0.0576923076923076,0.0,0.0,0.0,0.0,0.0,0.0,targetFunction,9,1,6,143.50927187424523
17,17,15_0,COMPLETED,Manual,143.50927187424523,0.9230769230769232,0.0192307692307692,0.0,0.0576923076923076,0.0,0.0,0.0,0.0,0.0,0.0,targetFunction,10,1,6,143.50927187424523
18,18,15_0,COMPLETED,Manual,143.50927187424523,0.9230769230769232,0.0192307692307692,0.0,0.0576923076923076,0.0,0.0,0.0,0.0,0.0,0.0,targetFunction,11,1,6,143.50927187424523
19,19,15_0,COMPLETED,Manual,143.50927187424523,0.9230769230769232,0.0192307692307692,0.0,0.0576923076923076,0.0,0.0,0.0,0.0,0.0,0.0,targetFunction,12,1,6,143.50927187424523
20,20,20_0,COMPLETED,Manual,122.9576937349564,0.6666666666666666,0.125,0.1666666666666666,0.0416666666666666,0.0,0.0,0.0,0.0,0.0,0.0,targetFunction,13,1,6,143.50927187424523
21,21,15_0,COMPLETED,Manual,143.50927187424523,0.9230769230769232,0.0192307692307692,0.0,0.0576923076923076,0.0,0.0,0.0,0.0,0.0,0.0,targetFunction,14,1,6,143.50927187424523
22,22,15_0,COMPLETED,Manual,143.50927187424523,0.9230769230769232,0.0192307692307692,0.0,0.0576923076923076,0.0,0.0,0.0,0.0,0.0,0.0,targetFunction,15,1,6,143.50927187424523
23,23,15_0,COMPLETED,Manual,143.50927187424523,0.9230769230769232,0.0192307692307692,0.0,0.0576923076923076,0.0,0.0,0.0,0.0,0.0,0.0,targetFunction,16,1,6,143.50927187424523
24,24,15_0,COMPLETED,Manual,143.50927187424523,0.9230769230769232,0.0192307692307692,0.0,0.0576923076923076,0.0,0.0,0.0,0.0,0.0,0.0,targetFunction,17,1,6,143.50927187424523
25,25,25_0,COMPLETED,Manual,139.34604170468722,0.9230769230769232,0.0769230769230769,0.0,0.0,0.0,0.0,0.0,0.0,0.0,0.0,targetFunction,18,1,6,143.50927187424523
26,26,15_0,COMPLETED,Manual,143.50927187424523,0.9230769230769232,0.0192307692307692,0.0,0.0576923076923076,0.0,0.0,0.0,0.0,0.0,0.0,targetFunction,19,1,6,143.50927187424523
27,27,15_0,COMPLETED,Manual,143.50927187424523,0.9230769230769232,0.0192307692307692,0.0,0.0576923076923076,0.0,0.0,0.0,0.0,0.0,0.0,targetFunction,20,1,6,143.50927187424523
8,8,8_0,COMPLETED,Manual,106.22927448999997,0.6774193548387097,0.0,0.0,0.0,0.0,0.0,0.0,0.0,0.3225806451612903,0.0,targetFunction,1,2,6,106.22927448999997
9,9,9_0,COMPLETED,Manual,147.49402922192442,0.9523809523809524,0.0,0.0,0.0119047619047619,0.0,0.0,0.0357142857142857,0.0,0.0,0.0,targetFunction,2,2,6,147.49402922192442
10,10,10_0,COMPLETED,Manual,158.1333799161532,0.8,0.0,0.0,0.0,0.1,0.0,0.0,0.0,0.1,0.0,targetFunction,3,2,6,158.1333799161532
11,11,11_0,COMPLETED,Manual,141.99720450911195,0.8,0.0,0.0,0.0,0.0,0.0,0.0,0.1,0.1,0.0,targetFunction,4,2,6,158.1333799161532
12,12,12_0,COMPLETED,Manual,172.10145777143768,0.8,0.0,0.01,0.0,0.0,0.0,0.0,0.0,0.19,0.0,targetFunction,5,2,6,172.10145777143768
13,13,13_0,COMPLETED,Manual,162.45475186999536,0.8,0.0,0.02,0.0,0.0,0.0,0.0,0.004,0.176,0.0,targetFunction,6,2,6,172.10145777143768
14,14,12_0,COMPLETED,Manual,172.10145777143768,0.8,0.0,0.01,0.0,0.0,0.0,0.0,0.0,0.19,0.0,targetFunction,7,2,6,172.10145777143768
15,15,15_0,COMPLETED,Manual,142.20137342601748,0.9230769230769232,0.0,0.0,0.0,0.0769230769230769,0.0,0.0,0.0,0.0,0.0,targetFunction,8,2,6,172.10145777143768
16,16,16_0,COMPLETED,Manual,117.25187832749276,0.6774193548387097,0.0,0.0,0.0,0.0,0.0,0.0,0.1612903225806451,0.1612903225806451,0.0,targetFunction,9,2,6,172.10145777143768
17,17,17_0,COMPLETED,Manual,121.92929330241844,0.9206349206349206,0.0,0.0,0.0,0.0,0.0396825396825396,0.0,0.0,0.0396825396825396,0.0,targetFunction,10,2,6,172.10145777143768
18,18,18_0,COMPLETED,Manual,157.3709982220219,0.8,0.0,0.0,0.0,0.0,0.0,0.1,0.0,0.1,0.0,targetFunction,11,2,6,172.10145777143768
19,19,12_0,COMPLETED,Manual,172.10145777143768,0.8,0.0,0.01,0.0,0.0,0.0,0.0,0.0,0.19,0.0,targetFunction,12,2,6,172.10145777143768
20,20,20_0,COMPLETED,Manual,125.78672619143359,0.6666666666666666,0.0,0.1666666666666666,0.1666666666666666,0.0,0.0,0.0,0.0,0.0,0.0,targetFunction,13,2,6,172.10145777143768
21,21,12_0,COMPLETED,Manual,172.10145777143768,0.8,0.0,0.01,0.0,0.0,0.0,0.0,0.0,0.19,0.0,targetFunction,14,2,6,172.10145777143768
22,22,8_0,COMPLETED,Manual,106.22927448999997,0.6774193548387097,0.0,0.0,0.0,0.0,0.0,0.0,0.0,0.3225806451612903,0.0,targetFunction,15,2,6,172.10145777143768
23,23,23_0,COMPLETED,Manual,125.55785596126495,0.6774193548387097,0.0,0.0,0.0,0.0,0.0,0.0,0.064516129032258,0.2580645161290322,0.0,targetFunction,16,2,6,172.10145777143768
24,24,24_0,COMPLETED,Manual,146.76694916719543,0.8,0.0,0.0,0.0,0.0,0.0,0.02,0.0,0.18,0.0,targetFunction,17,2,6,172.10145777143768
25,25,25_0,COMPLETED,Manual,113.43623595623639,0.6666666666666666,0.2222222222222222,0.0,0.0,0.0,0.0,0.0,0.0,0.0,0.1111111111111111,targetFunction,18,2,6,172.10145777143768
26,26,26_0,COMPLETED,Manual,148.9973261341777,0.8,0.0,0.06,0.0,0.0,0.0,0.0,0.0,0.1399999999999999,0.0,targetFunction,19,2,6,172.10145777143768
27,27,27_0,COMPLETED,Manual,172.9382536276803,0.8,0.0,0.0,0.0,0.016,0.0,0.0,0.0,0.184,0.0,targetFunction,20,2,6,172.9382536276803
8,8,8_0,COMPLETED,Manual,141.23533652070077,0.6666666666666666,0.0,0.0,0.0,0.0,0.0,0.0,0.0,0.0,0.3333333333333333,targetFunction,1,3,6,141.23533652070077
9,9,9_0,COMPLETED,Manual,158.1333799161532,0.8,0.0,0.0,0.0,0.1,0.0,0.0,0.0,0.1,0.0,targetFunction,2,3,6,158.1333799161532
10,10,10_0,COMPLETED,Manual,148.9973261341777,0.8,0.0,0.06,0.0,0.0,0.0,0.0,0.0,0.1399999999999999,0.0,targetFunction,3,3,6,158.1333799161532
11,11,9_0,COMPLETED,Manual,158.1333799161532,0.8,0.0,0.0,0.0,0.1,0.0,0.0,0.0,0.1,0.0,targetFunction,4,3,6,158.1333799161532
12,12,9_0,COMPLETED,Manual,158.1333799161532,0.8,0.0,0.0,0.0,0.1,0.0,0.0,0.0,0.1,0.0,targetFunction,5,3,6,158.1333799161532
13,13,9_0,COMPLETED,Manual,158.1333799161532,0.8,0.0,0.0,0.0,0.1,0.0,0.0,0.0,0.1,0.0,targetFunction,6,3,6,158.1333799161532
14,14,14_0,COMPLETED,Manual,146.13669614786681,0.9206349206349206,0.0,0.0,0.0,0.0,0.0079365079365079,0.0,0.0,0.0714285714285714,0.0,targetFunction,7,3,6,158.1333799161532
15,15,9_0,COMPLETED,Manual,158.1333799161532,0.8,0.0,0.0,0.0,0.1,0.0,0.0,0.0,0.1,0.0,targetFunction,8,3,6,158.1333799161532
16,16,9_0,COMPLETED,Manual,158.1333799161532,0.8,0.0,0.0,0.0,0.1,0.0,0.0,0.0,0.1,0.0,targetFunction,9,3,6,158.1333799161532
17,17,17_0,COMPLETED,Manual,157.3709982220219,0.8,0.0,0.0,0.0,0.0,0.0,0.1,0.0,0.1,0.0,targetFunction,10,3,6,158.1333799161532
18,18,9_0,COMPLETED,Manual,158.1333799161532,0.8,0.0,0.0,0.0,0.1,0.0,0.0,0.0,0.1,0.0,targetFunction,11,3,6,158.1333799161532
19,19,9_0,COMPLETED,Manual,158.1333799161532,0.8,0.0,0.0,0.0,0.1,0.0,0.0,0.0,0.1,0.0,targetFunction,12,3,6,158.1333799161532
20,20,20_0,COMPLETED,Manual,142.7204626430639,0.9230769230769232,0.0,0.0,0.0,0.073076923076923,0.0038461538461538,0.0,0.0,0.0,0.0,targetFunction,13,3,6,158.1333799161532
21,21,21_0,COMPLETED,Manual,162.45242842752012,0.8,0.0,0.0,0.0,0.04,0.0,0.0,0.0,0.16,0.0,targetFunction,14,3,6,162.45242842752012
22,22,21_0,COMPLETED,Manual,162.45242842752012,0.8,0.0,0.0,0.0,0.04,0.0,0.0,0.0,0.16,0.0,targetFunction,15,3,6,162.45242842752012
23,23,21_0,COMPLETED,Manual,162.45242842752012,0.8,0.0,0.0,0.0,0.04,0.0,0.0,0.0,0.16,0.0,targetFunction,16,3,6,162.45242842752012
24,24,21_0,COMPLETED,Manual,162.45242842752012,0.8,0.0,0.0,0.0,0.04,0.0,0.0,0.0,0.16,0.0,targetFunction,17,3,6,162.45242842752012
25,25,25_0,COMPLETED,Manual,106.22927448999997,0.6774193548387097,0.0,0.0,0.0,0.0,0.0,0.0,0.0,0.3225806451612903,0.0,targetFunction,18,3,6,162.45242842752012
26,26,21_0,COMPLETED,Manual,162.45242842752012,0.8,0.0,0.0,0.0,0.04,0.0,0.0,0.0,0.16,0.0,targetFunction,19,3,6,162.45242842752012
27,27,21_0,COMPLETED,Manual,162.45242842752012,0.8,0.0,0.0,0.0,0.04,0.0,0.0,0.0,0.16,0.0,targetFunction,20,3,6,162.45242842752012
8,8,8_0,COMPLETED,Manual,141.23533652070077,0.6666666666666666,0.0,0.0,0.0,0.0,0.0,0.0,0.0,0.0,0.3333333333333333,targetFunction,1,4,6,141.23533652070077
9,9,9_0,COMPLETED,Manual,162.45242842752012,0.8,0.0,0.0,0.0,0.04,0.0,0.0,0.0,0.16,0.0,targetFunction,2,4,6,162.45242842752012
10,10,10_0,COMPLETED,Manual,106.22927448999997,0.6774193548387097,0.0,0.0,0.0,0.0,0.0,0.0,0.0,0.3225806451612903,0.0,targetFunction,3,4,6,162.45242842752012
11,11,11_0,COMPLETED,Manual,164.95783085754786,0.8,0.0,0.0,0.0,0.0,0.0,0.0,0.006,0.194,0.0,targetFunction,4,4,6,164.95783085754786
12,12,11_0,COMPLETED,Manual,164.95783085754786,0.8,0.0,0.0,0.0,0.0,0.0,0.0,0.006,0.194,0.0,targetFunction,5,4,6,164.95783085754786
13,13,13_0,COMPLETED,Manual,172.10145777143768,0.8,0.0,0.01,0.0,0.0,0.0,0.0,0.0,0.19,0.0,targetFunction,6,4,6,172.10145777143768
14,14,14_0,COMPLETED,Manual,151.04621599946466,0.8,0.0,0.1,0.0,0.0,0.0,0.0,0.0,0.1,0.0,targetFunction,7,4,6,172.10145777143768
15,15,15_0,COMPLETED,Manual,117.25187832749276,0.6774193548387097,0.0,0.0,0.0,0.0,0.0,0.0,0.1612903225806451,0.1612903225806451,0.0,targetFunction,8,4,6,172.10145777143768
16,16,16_0,COMPLETED,Manual,162.45475186999536,0.8,0.0,0.02,0.0,0.0,0.0,0.0,0.004,0.176,0.0,targetFunction,9,4,6,172.10145777143768
17,17,17_0,COMPLETED,Manual,143.1990010858288,0.9523809523809524,0.0,0.0,0.0,0.0476190476190476,0.0,0.0,0.0,0.0,0.0,targetFunction,10,4,6,172.10145777143768
18,18,18_0,COMPLETED,Manual,156.29592045921626,0.8,0.0,0.0,0.0,0.0,0.0,0.008,0.0,0.192,0.0,targetFunction,11,4,6,172.10145777143768
19,19,11_0,COMPLETED,Manual,164.95783085754786,0.8,0.0,0.0,0.0,0.0,0.0,0.0,0.006,0.194,0.0,targetFunction,12,4,6,172.10145777143768
20,20,11_0,COMPLETED,Manual,164.95783085754786,0.8,0.0,0.0,0.0,0.0,0.0,0.0,0.006,0.194,0.0,targetFunction,13,4,6,172.10145777143768
21,21,13_0,COMPLETED,Manual,172.10145777143768,0.8,0.0,0.01,0.0,0.0,0.0,0.0,0.0,0.19,0.0,targetFunction,14,4,6,172.10145777143768
22,22,22_0,COMPLETED,Manual,157.3709982220219,0.8,0.0,0.0,0.0,0.0,0.0,0.1,0.0,0.1,0.0,targetFunction,15,4,6,172.10145777143768
23,23,23_0,COMPLETED,Manual,123.4100872755777,0.6666666666666666,0.0,0.125,0.1666666666666666,0.0,0.0,0.0,0.0,0.0,0.0416666666666666,targetFunction,16,4,6,172.10145777143768
24,24,24_0,COMPLETED,Manual,144.96028373864337,0.8,0.0,0.0,0.0,0.0,0.0,0.0,0.06,0.1399999999999999,0.0,targetFunction,17,4,6,172.10145777143768
25,25,25_0,COMPLETED,Manual,153.76270622403183,0.8,0.0,0.0,0.0,0.02,0.0,0.0,0.0,0.18,0.0,targetFunction,18,4,6,172.10145777143768
26,26,26_0,COMPLETED,Manual,125.55785596126495,0.6774193548387097,0.0,0.0,0.0,0.0,0.0,0.0,0.064516129032258,0.2580645161290322,0.0,targetFunction,19,4,6,172.10145777143768
27,27,16_0,COMPLETED,Manual,162.45475186999536,0.8,0.0,0.02,0.0,0.0,0.0,0.0,0.004,0.176,0.0,targetFunction,20,4,6,172.10145777143768
2,2,2_0,COMPLETED,Manual,139.34604170468722,0.9230769230769232,0.0769230769230769,0.0,0.0,0.0,0.0,0.0,0.0,0.0,0.0,,1,5,noTask_ax,139.34604170468722
3,3,3_0,COMPLETED,Manual,113.78737139047261,0.6666666666666666,0.0,0.0277777777777777,0.2222222222222222,0.0,0.0,0.0,0.0,0.0,0.0833333333333333,,2,5,noTask_ax,139.34604170468722
4,4,4_0,COMPLETED,Manual,143.56320631279337,0.9230769230769232,0.0,0.0,0.0,0.0384615384615384,0.0384615384615384,0.0,0.0,0.0,0.0,,3,5,noTask_ax,143.56320631279337
5,5,5_0,COMPLETED,Manual,117.25187832749276,0.6774193548387097,0.0,0.0,0.0,0.0,0.0,0.0,0.1612903225806451,0.1612903225806451,0.0,,4,5,noTask_ax,143.56320631279337
6,6,6_0,COMPLETED,Manual,157.3709982220219,0.8,0.0,0.0,0.0,0.0,0.0,0.1,0.0,0.1,0.0,,5,5,noTask_ax,157.3709982220219
7,7,7_0,COMPLETED,Manual,119.10061804970184,0.6666666666666666,0.1583333333333333,0.1666666666666666,0.0083333333333333,0.0,0.0,0.0,0.0,0.0,0.0,,6,5,noTask_ax,157.3709982220219
8,8,8_0,COMPLETED,Manual,158.1333799161532,0.8,0.0,0.0,0.0,0.1,0.0,0.0,0.0,0.1,0.0,,7,5,noTask_ax,158.1333799161532
9,9,9_0,COMPLETED,Manual,141.23533652070077,0.6666666666666666,0.0,0.0,0.0,0.0,0.0,0.0,0.0,0.0,0.3333333333333333,,8,5,noTask_ax,158.1333799161532
10,10,10_0,COMPLETED,Manual,106.22927448999997,0.6774193548387097,0.0,0.0,0.0,0.0,0.0,0.0,0.0,0.3225806451612903,0.0,,9,5,noTask_ax,158.1333799161532
11,11,11_0,COMPLETED,Manual,113.43623595623639,0.6666666666666666,0.2222222222222222,0.0,0.0,0.0,0.0,0.0,0.0,0.0,0.1111111111111111,,10,5,noTask_ax,158.1333799161532
12,12,12_0,COMPLETED,Manual,142.20137342601748,0.9230769230769232,0.0,0.0,0.0,0.0769230769230769,0.0,0.0,0.0,0.0,0.0,,11,5,noTask_ax,158.1333799161532
13,13,13_0,COMPLETED,Manual,125.78672619143359,0.6666666666666666,0.0,0.1666666666666666,0.1666666666666666,0.0,0.0,0.0,0.0,0.0,0.0,,12,5,noTask_ax,158.1333799161532
14,14,14_0,COMPLETED,Manual,121.70683253959652,0.9523809523809524,0.0,0.0,0.0119047619047619,0.0,0.0238095238095238,0.0119047619047619,0.0,0.0,0.0,,13,5,noTask_ax,158.1333799161532
15,15,15_0,COMPLETED,Manual,153.76270622403183,0.8,0.0,0.0,0.0,0.02,0.0,0.0,0.0,0.18,0.0,,14,5,noTask_ax,158.1333799161532
16,16,16_0,COMPLETED,Manual,151.04621599946466,0.8,0.0,0.1,0.0,0.0,0.0,0.0,0.0,0.1,0.0,,15,5,noTask_ax,158.1333799161532
17,17,17_0,COMPLETED,Manual,141.99720450911195,0.8,0.0,0.0,0.0,0.0,0.0,0.0,0.1,0.1,0.0,,16,5,noTask_ax,158.1333799161532
18,18,18_0,COMPLETED,Manual,147.49402922192442,0.9523809523809524,0.0,0.0,0.0119047619047619,0.0,0.0,0.0357142857142857,0.0,0.0,0.0,,17,5,noTask_ax,158.1333799161532
19,19,19_0,COMPLETED,Manual,133.96956615054,0.6666666666666666,0.1111111111111111,0.0,0.1111111111111111,0.0,0.0,0.0,0.0,0.0,0.1111111111111111,,18,5,noTask_ax,158.1333799161532
20,20,20_0,COMPLETED,Manual,121.92929330241844,0.9206349206349206,0.0,0.0,0.0,0.0,0.0396825396825396,0.0,0.0,0.0396825396825396,0.0,,19,5,noTask_ax,158.1333799161532
21,21,21_0,COMPLETED,Manual,142.37274889861231,0.9230769230769232,0.0,0.0,0.0,0.0576923076923076,0.0192307692307692,0.0,0.0,0.0,0.0,,20,5,noTask_ax,158.1333799161532
2,2,2_0,COMPLETED,Manual,138.36535852769708,0.9523809523809524,0.0,0.0,0.0,0.0119047619047619,0.0119047619047619,0.0238095238095238,0.0,0.0,0.0,,1,5,noTask_ax,138.36535852769708
3,3,3_0,COMPLETED,Manual,158.1333799161532,0.8,0.0,0.0,0.0,0.1,0.0,0.0,0.0,0.1,0.0,,2,5,noTask_ax,158.1333799161532
4,4,4_0,COMPLETED,Manual,117.25187832749276,0.6774193548387097,0.0,0.0,0.0,0.0,0.0,0.0,0.1612903225806451,0.1612903225806451,0.0,,3,5,noTask_ax,158.1333799161532
5,5,5_0,COMPLETED,Manual,113.43623595623639,0.6666666666666666,0.2222222222222222,0.0,0.0,0.0,0.0,0.0,0.0,0.0,0.1111111111111111,,4,5,noTask_ax,158.1333799161532
6,6,6_0,COMPLETED,Manual,157.3709982220219,0.8,0.0,0.0,0.0,0.0,0.0,0.1,0.0,0.1,0.0,,5,5,noTask_ax,158.1333799161532
7,7,7_0,COMPLETED,Manual,141.23533652070077,0.6666666666666666,0.0,0.0,0.0,0.0,0.0,0.0,0.0,0.0,0.3333333333333333,,6,5,noTask_ax,158.1333799161532
8,8,8_0,COMPLETED,Manual,121.92929330241844,0.9206349206349206,0.0,0.0,0.0,0.0,0.0396825396825396,0.0,0.0,0.0396825396825396,0.0,,7,5,noTask_ax,158.1333799161532
9,9,9_0,COMPLETED,Manual,122.0447716941213,0.6666666666666666,0.0,0.0,0.2222222222222222,0.0,0.0,0.0,0.0,0.0,0.1111111111111111,,8,5,noTask_ax,158.1333799161532
10,10,10_0,COMPLETED,Manual,106.22927448999997,0.6774193548387097,0.0,0.0,0.0,0.0,0.0,0.0,0.0,0.3225806451612903,0.0,,9,5,noTask_ax,158.1333799161532
11,11,11_0,COMPLETED,Manual,119.10061804970184,0.6666666666666666,0.1583333333333333,0.1666666666666666,0.0083333333333333,0.0,0.0,0.0,0.0,0.0,0.0,,10,5,noTask_ax,158.1333799161532
12,12,12_0,COMPLETED,Manual,137.6825662628294,0.9230769230769232,0.0,0.0,0.0769230769230769,0.0,0.0,0.0,0.0,0.0,0.0,,11,5,noTask_ax,158.1333799161532
13,13,13_0,COMPLETED,Manual,143.56320631279337,0.9230769230769232,0.0,0.0,0.0,0.0384615384615384,0.0384615384615384,0.0,0.0,0.0,0.0,,12,5,noTask_ax,158.1333799161532
14,14,14_0,COMPLETED,Manual,139.34604170468722,0.9230769230769232,0.0769230769230769,0.0,0.0,0.0,0.0,0.0,0.0,0.0,0.0,,13,5,noTask_ax,158.1333799161532
15,15,15_0,COMPLETED,Manual,151.04621599946466,0.8,0.0,0.1,0.0,0.0,0.0,0.0,0.0,0.1,0.0,,14,5,noTask_ax,158.1333799161532
16,16,16_0,COMPLETED,Manual,141.99720450911195,0.8,0.0,0.0,0.0,0.0,0.0,0.0,0.1,0.1,0.0,,15,5,noTask_ax,158.1333799161532
17,17,17_0,COMPLETED,Manual,133.96956615054,0.6666666666666666,0.1111111111111111,0.0,0.1111111111111111,0.0,0.0,0.0,0.0,0.0,0.1111111111111111,,16,5,noTask_ax,158.1333799161532
18,18,18_0,COMPLETED,Manual,162.45242842752012,0.8,0.0,0.0,0.0,0.04,0.0,0.0,0.0,0.16,0.0,,17,5,noTask_ax,162.45242842752012
19,19,19_0,COMPLETED,Manual,150.35400489203658,0.6666666666666666,0.0,0.0,0.0,0.0,0.0,0.0,0.0,0.1333333333333333,0.1999999999999999,,18,5,noTask_ax,162.45242842752012
20,20,20_0,COMPLETED,Manual,152.22068911320298,0.8,0.0,0.0,0.0,0.0,0.0,0.06,0.0,0.1399999999999999,0.0,,19,5,noTask_ax,162.45242842752012
21,21,21_0,COMPLETED,Manual,125.55785596126495,0.6774193548387097,0.0,0.0,0.0,0.0,0.0,0.0,0.064516129032258,0.2580645161290322,0.0,,20,5,noTask_ax,162.45242842752012
2,2,2_0,COMPLETED,Manual,150.35400489203658,0.6666666666666666,0.0,0.0,0.0,0.0,0.0,0.0,0.0,0.1333333333333333,0.1999999999999999,,1,5,noTask_ax,150.35400489203658
3,3,3_0,COMPLETED,Manual,109.58044587207594,0.6666666666666666,0.0,0.0,0.1666666666666666,0.0,0.0,0.0,0.0,0.0,0.1666666666666666,,2,5,noTask_ax,150.35400489203658
4,4,4_0,COMPLETED,Manual,119.10061804970184,0.6666666666666666,0.1583333333333333,0.1666666666666666,0.0083333333333333,0.0,0.0,0.0,0.0,0.0,0.0,,3,5,noTask_ax,150.35400489203658
5,5,5_0,COMPLETED,Manual,117.25187832749276,0.6774193548387097,0.0,0.0,0.0,0.0,0.0,0.0,0.1612903225806451,0.1612903225806451,0.0,,4,5,noTask_ax,150.35400489203658
6,6,6_0,COMPLETED,Manual,143.56320631279337,0.9230769230769232,0.0,0.0,0.0,0.0384615384615384,0.0384615384615384,0.0,0.0,0.0,0.0,,5,5,noTask_ax,150.35400489203658
7,7,7_0,COMPLETED,Manual,157.3709982220219,0.8,0.0,0.0,0.0,0.0,0.0,0.1,0.0,0.1,0.0,,6,5,noTask_ax,157.3709982220219
8,8,8_0,COMPLETED,Manual,158.1333799161532,0.8,0.0,0.0,0.0,0.1,0.0,0.0,0.0,0.1,0.0,,7,5,noTask_ax,158.1333799161532
9,9,9_0,COMPLETED,Manual,113.43623595623639,0.6666666666666666,0.2222222222222222,0.0,0.0,0.0,0.0,0.0,0.0,0.0,0.1111111111111111,,8,5,noTask_ax,158.1333799161532
10,10,10_0,COMPLETED,Manual,106.22927448999997,0.6774193548387097,0.0,0.0,0.0,0.0,0.0,0.0,0.0,0.3225806451612903,0.0,,9,5,noTask_ax,158.1333799161532
11,11,11_0,COMPLETED,Manual,142.20137342601748,0.9230769230769232,0.0,0.0,0.0,0.0769230769230769,0.0,0.0,0.0,0.0,0.0,,10,5,noTask_ax,158.1333799161532
12,12,12_0,COMPLETED,Manual,125.78672619143359,0.6666666666666666,0.0,0.1666666666666666,0.1666666666666666,0.0,0.0,0.0,0.0,0.0,0.0,,11,5,noTask_ax,158.1333799161532
13,13,13_0,COMPLETED,Manual,121.92929330241844,0.9206349206349206,0.0,0.0,0.0,0.0,0.0396825396825396,0.0,0.0,0.0396825396825396,0.0,,12,5,noTask_ax,158.1333799161532
14,14,14_0,COMPLETED,Manual,151.04621599946466,0.8,0.0,0.1,0.0,0.0,0.0,0.0,0.0,0.1,0.0,,13,5,noTask_ax,158.1333799161532
15,15,15_0,COMPLETED,Manual,147.49402922192442,0.9523809523809524,0.0,0.0,0.0119047619047619,0.0,0.0,0.0357142857142857,0.0,0.0,0.0,,14,5,noTask_ax,158.1333799161532
16,16,16_0,COMPLETED,Manual,142.37274889861231,0.9230769230769232,0.0,0.0,0.0,0.0576923076923076,0.0192307692307692,0.0,0.0,0.0,0.0,,15,5,noTask_ax,158.1333799161532
17,17,17_0,COMPLETED,Manual,137.6825662628294,0.9230769230769232,0.0,0.0,0.0769230769230769,0.0,0.0,0.0,0.0,0.0,0.0,,16,5,noTask_ax,158.1333799161532
18,18,18_0,COMPLETED,Manual,139.34604170468722,0.9230769230769232,0.0769230769230769,0.0,0.0,0.0,0.0,0.0,0.0,0.0,0.0,,17,5,noTask_ax,158.1333799161532
19,19,19_0,COMPLETED,Manual,141.99720450911195,0.8,0.0,0.0,0.0,0.0,0.0,0.0,0.1,0.1,0.0,,18,5,noTask_ax,158.1333799161532
20,20,20_0,COMPLETED,Manual,113.78737139047261,0.6666666666666666,0.0,0.0277777777777777,0.2222222222222222,0.0,0.0,0.0,0.0,0.0,0.0833333333333333,,19,5,noTask_ax,158.1333799161532
21,21,21_0,COMPLETED,Manual,162.45242842752012,0.8,0.0,0.0,0.0,0.04,0.0,0.0,0.0,0.16,0.0,,20,5,noTask_ax,162.45242842752012
2,2,2_0,COMPLETED,Manual,156.19085691648428,0.9230769230769232,0.0,0.0,0.0384615384615384,0.0384615384615384,0.0,0.0,0.0,0.0,0.0,,1,5,noTask_ax,156.19085691648428
3,3,3_0,COMPLETED,Manual,149.57831360708985,0.9230769230769232,0.0,0.0,0.0192307692307692,0.0576923076923076,0.0,0.0,0.0,0.0,0.0,,2,5,noTask_ax,156.19085691648428
4,4,4_0,COMPLETED,Manual,158.1333799161532,0.8,0.0,0.0,0.0,0.1,0.0,0.0,0.0,0.1,0.0,,3,5,noTask_ax,158.1333799161532
5,5,5_0,COMPLETED,Manual,125.78672619143359,0.6666666666666666,0.0,0.1666666666666666,0.1666666666666666,0.0,0.0,0.0,0.0,0.0,0.0,,4,5,noTask_ax,158.1333799161532
6,6,6_0,COMPLETED,Manual,117.25187832749276,0.6774193548387097,0.0,0.0,0.0,0.0,0.0,0.0,0.1612903225806451,0.1612903225806451,0.0,,5,5,noTask_ax,158.1333799161532
7,7,7_0,COMPLETED,Manual,143.56320631279337,0.9230769230769232,0.0,0.0,0.0,0.0384615384615384,0.0384615384615384,0.0,0.0,0.0,0.0,,6,5,noTask_ax,158.1333799161532
8,8,8_0,COMPLETED,Manual,141.23533652070077,0.6666666666666666,0.0,0.0,0.0,0.0,0.0,0.0,0.0,0.0,0.3333333333333333,,7,5,noTask_ax,158.1333799161532
9,9,9_0,COMPLETED,Manual,157.3709982220219,0.8,0.0,0.0,0.0,0.0,0.0,0.1,0.0,0.1,0.0,,8,5,noTask_ax,158.1333799161532
10,10,10_0,COMPLETED,Manual,113.43623595623639,0.6666666666666666,0.2222222222222222,0.0,0.0,0.0,0.0,0.0,0.0,0.0,0.1111111111111111,,9,5,noTask_ax,158.1333799161532
11,11,11_0,COMPLETED,Manual,122.0447716941213,0.6666666666666666,0.0,0.0,0.2222222222222222,0.0,0.0,0.0,0.0,0.0,0.1111111111111111,,10,5,noTask_ax,158.1333799161532
12,12,12_0,COMPLETED,Manual,106.22927448999997,0.6774193548387097,0.0,0.0,0.0,0.0,0.0,0.0,0.0,0.3225806451612903,0.0,,11,5,noTask_ax,158.1333799161532
13,13,13_0,COMPLETED,Manual,119.10061804970184,0.6666666666666666,0.1583333333333333,0.1666666666666666,0.0083333333333333,0.0,0.0,0.0,0.0,0.0,0.0,,12,5,noTask_ax,158.1333799161532
14,14,14_0,COMPLETED,Manual,121.70683253959652,0.9523809523809524,0.0,0.0,0.0119047619047619,0.0,0.0238095238095238,0.0119047619047619,0.0,0.0,0.0,,13,5,noTask_ax,158.1333799161532
15,15,15_0,COMPLETED,Manual,151.04621599946466,0.8,0.0,0.1,0.0,0.0,0.0,0.0,0.0,0.1,0.0,,14,5,noTask_ax,158.1333799161532
16,16,16_0,COMPLETED,Manual,162.45242842752012,0.8,0.0,0.0,0.0,0.04,0.0,0.0,0.0,0.16,0.0,,15,5,noTask_ax,162.45242842752012
17,17,17_0,COMPLETED,Manual,147.49402922192442,0.9523809523809524,0.0,0.0,0.0119047619047619,0.0,0.0,0.0357142857142857,0.0,0.0,0.0,,16,5,noTask_ax,162.45242842752012
18,18,18_0,COMPLETED,Manual,121.92929330241844,0.9206349206349206,0.0,0.0,0.0,0.0,0.0396825396825396,0.0,0.0,0.0396825396825396,0.0,,17,5,noTask_ax,162.45242842752012
19,19,19_0,COMPLETED,Manual,141.99720450911195,0.8,0.0,0.0,0.0,0.0,0.0,0.0,0.1,0.1,0.0,,18,5,noTask_ax,162.45242842752012
20,20,20_0,COMPLETED,Manual,127.23817967487085,0.6666666666666666,0.1388888888888889,0.0,0.0833333333333333,0.0,0.0,0.0,0.0,0.0,0.1111111111111111,,19,5,noTask_ax,162.45242842752012
21,21,21_0,COMPLETED,Manual,142.37274889861231,0.9230769230769232,0.0,0.0,0.0,0.0576923076923076,0.0192307692307692,0.0,0.0,0.0,0.0,,20,5,noTask_ax,162.45242842752012
2,2,2_0,COMPLETED,Manual,121.92929330241844,0.9206349206349206,0.0,0.0,0.0,0.0,0.0396825396825396,0.0,0.0,0.0396825396825396,0.0,,1,5,noTask_ax,121.92929330241844
3,3,3_0,COMPLETED,Manual,119.10061804970184,0.6666666666666666,0.1583333333333333,0.1666666666666666,0.0083333333333333,0.0,0.0,0.0,0.0,0.0,0.0,,2,5,noTask_ax,121.92929330241844
4,4,4_0,COMPLETED,Manual,158.1333799161532,0.8,0.0,0.0,0.0,0.1,0.0,0.0,0.0,0.1,0.0,,3,5,noTask_ax,158.1333799161532
5,5,5_0,COMPLETED,Manual,117.25187832749276,0.6774193548387097,0.0,0.0,0.0,0.0,0.0,0.0,0.1612903225806451,0.1612903225806451,0.0,,4,5,noTask_ax,158.1333799161532
6,6,6_0,COMPLETED,Manual,157.3709982220219,0.8,0.0,0.0,0.0,0.0,0.0,0.1,0.0,0.1,0.0,,5,5,noTask_ax,158.1333799161532
7,7,7_0,COMPLETED,Manual,113.43623595623639,0.6666666666666666,0.2222222222222222,0.0,0.0,0.0,0.0,0.0,0.0,0.0,0.1111111111111111,,6,5,noTask_ax,158.1333799161532
8,8,8_0,COMPLETED,Manual,106.22927448999997,0.6774193548387097,0.0,0.0,0.0,0.0,0.0,0.0,0.0,0.3225806451612903,0.0,,7,5,noTask_ax,158.1333799161532
9,9,9_0,COMPLETED,Manual,125.78672619143359,0.6666666666666666,0.0,0.1666666666666666,0.1666666666666666,0.0,0.0,0.0,0.0,0.0,0.0,,8,5,noTask_ax,158.1333799161532
10,10,10_0,COMPLETED,Manual,141.23533652070077,0.6666666666666666,0.0,0.0,0.0,0.0,0.0,0.0,0.0,0.0,0.3333333333333333,,9,5,noTask_ax,158.1333799161532
11,11,11_0,COMPLETED,Manual,147.49402922192442,0.9523809523809524,0.0,0.0,0.0119047619047619,0.0,0.0,0.0357142857142857,0.0,0.0,0.0,,10,5,noTask_ax,158.1333799161532
12,12,12_0,COMPLETED,Manual,142.37274889861231,0.9230769230769232,0.0,0.0,0.0,0.0576923076923076,0.0192307692307692,0.0,0.0,0.0,0.0,,11,5,noTask_ax,158.1333799161532
13,13,13_0,COMPLETED,Manual,151.04621599946466,0.8,0.0,0.1,0.0,0.0,0.0,0.0,0.0,0.1,0.0,,12,5,noTask_ax,158.1333799161532
14,14,14_0,COMPLETED,Manual,139.34604170468722,0.9230769230769232,0.0769230769230769,0.0,0.0,0.0,0.0,0.0,0.0,0.0,0.0,,13,5,noTask_ax,158.1333799161532
15,15,15_0,COMPLETED,Manual,162.45242842752012,0.8,0.0,0.0,0.0,0.04,0.0,0.0,0.0,0.16,0.0,,14,5,noTask_ax,162.45242842752012
16,16,16_0,COMPLETED,Manual,141.99720450911195,0.8,0.0,0.0,0.0,0.0,0.0,0.0,0.1,0.1,0.0,,15,5,noTask_ax,162.45242842752012
17,17,17_0,COMPLETED,Manual,150.35400489203658,0.6666666666666666,0.0,0.0,0.0,0.0,0.0,0.0,0.0,0.1333333333333333,0.1999999999999999,,16,5,noTask_ax,162.45242842752012
18,18,18_0,COMPLETED,Manual,122.0447716941213,0.6666666666666666,0.0,0.0,0.2222222222222222,0.0,0.0,0.0,0.0,0.0,0.1111111111111111,,17,5,noTask_ax,162.45242842752012
19,19,19_0,COMPLETED,Manual,137.6825662628294,0.9230769230769232,0.0,0.0,0.0769230769230769,0.0,0.0,0.0,0.0,0.0,0.0,,18,5,noTask_ax,162.45242842752012
20,20,20_0,COMPLETED,Manual,143.56320631279337,0.9230769230769232,0.0,0.0,0.0,0.0384615384615384,0.0384615384615384,0.0,0.0,0.0,0.0,,19,5,noTask_ax,162.45242842752012
21,21,21_0,COMPLETED,Manual,135.00266042722274,0.9206349206349206,0.0,0.0,0.0,0.0,0.0158730158730158,0.0,0.0,0.0634920634920635,0.0,,20,5,noTask_ax,162.45242842752012
